2025/06/13	138826	三井住友海上火災保険㈱ 代理店保険手			未照合	2025/06/01		普通預金		数料 数料 笠岡信用組合 CB 売内10	88	88				三井住友海上火災保険㈱ 代理店保険手 三井住友海上火災保険㈱ 代理店保険手 06/16 保険手数料							2026/04/13 07:45:00	三井住友海上火災保険㈱ 代理店保険手	数料 数料 笠岡信用組合 CB 売内10	普通預金.pdf	140Fg34UWrvdYC8Gjo1nr1WmmHXHOCnf3	2026-04-13T05:22:09	入金														三井住友海上火災保険㈱ 代理店保険手
2025/06/13	73547	中銀ｶｰﾄﾞJCB 中銀ｶｰﾄﾞJCB ㈲ｽﾊﾞﾙ様 SB23827			未照合	2025/06/01		普通預金		中国銀行 整備	89	89				売掛金							2026/04/13 07:45:00	中銀ｶｰﾄﾞJCB 中銀ｶｰﾄﾞJCB ㈲ｽﾊﾞﾙ様 SB23827	中国銀行 整備	普通預金.pdf	140Fg34UWrvdYC8Gjo1nr1WmmHXHOCnf3	2026-04-13T05:22:09	入金														中銀ｶｰﾄﾞJCB 中銀ｶｰﾄﾞJCB ㈲ｽﾊﾞﾙ様 SB23827
2025/06/13	463494	中銀ｶｰﾄﾞ VISA			未照合	2025/06/01		普通預金		中国銀行	90	90				諸口							2026/04/13 07:45:00	中銀ｶｰﾄﾞ VISA	中国銀行	普通預金.pdf	140Fg34UWrvdYC8Gjo1nr1WmmHXHOCnf3	2026-04-13T05:22:09	入金														中銀ｶｰﾄﾞ VISA
2025/06/13	42680	ｷﾑﾗﾕﾆﾃｨ様 SB23815 ｷﾑﾗﾕﾆﾃｨ様 SB23815			未照合	2025/06/01		普通預金		もみじ福山支店 整備	91	91				売掛金							2026/04/13 07:45:00	ｷﾑﾗﾕﾆﾃｨ様 SB23815 ｷﾑﾗﾕﾆﾃｨ様 SB23815	もみじ福山支店 整備	普通預金.pdf	140Fg34UWrvdYC8Gjo1nr1WmmHXHOCnf3	2026-04-13T05:22:09	入金														ｷﾑﾗﾕﾆﾃｨ様 SB23815 ｷﾑﾗﾕﾆﾃｨ様 SB23815
2025/06/17	31808	東京海上日動 代理店保険手数料 東京海上日動 代理店保険手数料			未照合	2025/06/01		普通預金		中国銀行 CB 売内10	104	104				保険手数料							2026/04/13 07:45:00	東京海上日動 代理店保険手数料 東京海上日動 代理店保険手数料	中国銀行 CB 売内10	普通預金.pdf	140Fg34UWrvdYC8Gjo1nr1WmmHXHOCnf3	2026-04-13T05:22:09	入金														東京海上日動 代理店保険手数料 東京海上日動 代理店保険手数料
2025/06/18	1592	広信 配当金 出資 広信 配当金 出資			未照合	2025/06/01		普通預金		広島信用金庫 本社	312	312				受取配当金							2026/04/13 07:45:00	広信 配当金 出資 広信 配当金 出資	広島信用金庫 本社	普通預金.pdf	140Fg34UWrvdYC8Gjo1nr1WmmHXHOCnf3	2026-04-13T05:22:09	入金														広信 配当金 出資 広信 配当金 出資
2025/06/23	4775	笠信 出資配当 笠信 出資配当			未照合	2025/06/01		普通預金		笠岡信用組合 本社	124	124				受取配当金							2026/04/13 07:45:00	笠信 出資配当 笠信 出資配当	笠岡信用組合 本社	普通預金.pdf	140Fg34UWrvdYC8Gjo1nr1WmmHXHOCnf3	2026-04-13T05:22:09	入金														笠信 出資配当 笠信 出資配当
2025/06/27	9189220	㈱ｽﾋﾟﾝｸﾞﾙｶﾝﾊﾟﾆｰ様 ﾎﾟﾙｼｪﾏｶﾝ(B45708)			未照合	2025/06/01		普通預金		CH3787 CH3787 広島銀行② 車両	148	148				㈱ｽﾋﾟﾝｸﾞﾙｶﾝﾊﾟﾆｰ様 ﾎﾟﾙｼｪﾏｶﾝ(B45708) ㈱ｽﾋﾟﾝｸﾞﾙｶﾝﾊﾟﾆｰ様 ﾎﾟﾙｼｪﾏｶﾝ(B45708) 売掛金							2026/04/13 07:45:00	㈱ｽﾋﾟﾝｸﾞﾙｶﾝﾊﾟﾆｰ様 ﾎﾟﾙｼｪﾏｶﾝ(B45708)	CH3787 CH3787 広島銀行② 車両	普通預金.pdf	140Fg34UWrvdYC8Gjo1nr1WmmHXHOCnf3	2026-04-13T05:22:09	入金														㈱ｽﾋﾟﾝｸﾞﾙｶﾝﾊﾟﾆｰ様 ﾎﾟﾙｼｪﾏｶﾝ(B45708)
2025/06/27	270809	S5.084582㈱ロペライオ様 S5.084582㈱ロペライオ様			未照合	2025/06/01		普通預金		広島銀行② その他	149	149				売掛金							2026/04/13 07:45:00	S5.084582㈱ロペライオ様 S5.084582㈱ロペライオ様	広島銀行② その他	普通預金.pdf	140Fg34UWrvdYC8Gjo1nr1WmmHXHOCnf3	2026-04-13T05:22:09	入金														S5.084582㈱ロペライオ様 S5.084582㈱ロペライオ様
2025/06/30	74292	中銀ｶｰﾄﾞ JCB			未照合	2025/06/01		普通預金		中国銀行	185	185				諸口							2026/04/13 07:45:00	中銀ｶｰﾄﾞ JCB	中国銀行	普通預金.pdf	140Fg34UWrvdYC8Gjo1nr1WmmHXHOCnf3	2026-04-13T05:22:09	入金														中銀ｶｰﾄﾞ JCB
2025/06/30	524526	中銀ｶｰﾄﾞ VISA			未照合	2025/06/01		普通預金		中国銀行	186	186				諸口							2026/04/13 07:45:00	中銀ｶｰﾄﾞ VISA	中国銀行	普通預金.pdf	140Fg34UWrvdYC8Gjo1nr1WmmHXHOCnf3	2026-04-13T05:22:09	入金														中銀ｶｰﾄﾞ VISA
2025/06/30	10298704	ｺﾝｸｴｽﾄ様 5月分相殺			未照合	2025/06/01		普通預金		広島銀行②	306	306				諸口							2026/04/13 07:45:00	ｺﾝｸｴｽﾄ様 5月分相殺	広島銀行②	普通預金.pdf	140Fg34UWrvdYC8Gjo1nr1WmmHXHOCnf3	2026-04-13T05:22:09	入金														ｺﾝｸｴｽﾄ様 5月分相殺
2025/07/03	12470891	笠信短期借入 1250万 笠信短期借入 1250万			未照合	2025/07/01		普通預金		笠岡信用組合 笠信 1,250万	222	222				短期借入金							2026/04/13 07:45:00	笠信短期借入 1250万 笠信短期借入 1250万	笠岡信用組合 笠信 1,250万	普通預金.pdf	140Fg34UWrvdYC8Gjo1nr1WmmHXHOCnf3	2026-04-13T05:22:09	入金														笠信短期借入 1250万 笠信短期借入 1250万
2025/07/03	13560539	ｽﾄﾛﾝｸﾞﾏｳﾝﾃﾝ様 ｹﾞﾚﾝﾃﾞ CH3797 ｽﾄﾛﾝｸﾞﾏｳﾝﾃﾝ様 ｹﾞﾚﾝﾃﾞ CH3797			未照合	2025/07/01		普通預金		広島銀行② 車両	227	227				売掛金							2026/04/13 07:45:00	ｽﾄﾛﾝｸﾞﾏｳﾝﾃﾝ様 ｹﾞﾚﾝﾃﾞ CH3797 ｽﾄﾛﾝｸﾞﾏｳﾝﾃﾝ様 ｹﾞﾚﾝﾃﾞ CH3797	広島銀行② 車両	普通預金.pdf	140Fg34UWrvdYC8Gjo1nr1WmmHXHOCnf3	2026-04-13T05:22:09	入金														ｽﾄﾛﾝｸﾞﾏｳﾝﾃﾝ様 ｹﾞﾚﾝﾃﾞ CH3797 ｽﾄﾛﾝｸﾞﾏｳﾝﾃﾝ様 ｹﾞﾚﾝﾃﾞ CH3797
2025/07/08	354024	㈲皿谷ﾓｰﾀｰｽ様 SB23812 小切手にて ㈲皿谷ﾓｰﾀｰｽ様 SB23812 小切手にて			未照合	2025/07/01		普通預金		もみじ福山支店 整備	265	265				売掛金							2026/04/13 07:45:00	㈲皿谷ﾓｰﾀｰｽ様 SB23812 小切手にて ㈲皿谷ﾓｰﾀｰｽ様 SB23812 小切手にて	もみじ福山支店 整備	普通預金.pdf	140Fg34UWrvdYC8Gjo1nr1WmmHXHOCnf3	2026-04-13T05:22:09	入金														㈲皿谷ﾓｰﾀｰｽ様 SB23812 小切手にて ㈲皿谷ﾓｰﾀｰｽ様 SB23812 小切手にて
2025/07/11	6855439	ｵﾘｺ 泉貴之様 CH3788 ｵﾘｺ 泉貴之様 CH3788			未照合	2025/07/01		普通預金		もみじ福山支店 車両	293	293				売掛金							2026/04/13 07:45:00	ｵﾘｺ 泉貴之様 CH3788 ｵﾘｺ 泉貴之様 CH3788	もみじ福山支店 車両	普通預金.pdf	140Fg34UWrvdYC8Gjo1nr1WmmHXHOCnf3	2026-04-13T05:22:09	入金														ｵﾘｺ 泉貴之様 CH3788 ｵﾘｺ 泉貴之様 CH3788
2025/07/11	3662150	㈱ｺﾝｸｴｽﾄ様 ｼﾞｬｶﾞｰFﾀｲﾌﾟ 3292 7/4支			未照合	2025/07/01		普通預金		払い分 返金 払い分 返金 広島銀行② その他	307	307				㈱ｺﾝｸｴｽﾄ様 ｼﾞｬｶﾞｰFﾀｲﾌﾟ 3292 7/4支 ㈱ｺﾝｸｴｽﾄ様 ｼﾞｬｶﾞｰFﾀｲﾌﾟ 3292 7/4支 07/14 仮払金							2026/04/13 07:45:00	㈱ｺﾝｸｴｽﾄ様 ｼﾞｬｶﾞｰFﾀｲﾌﾟ 3292 7/4支	払い分 返金 払い分 返金 広島銀行② その他	普通預金.pdf	140Fg34UWrvdYC8Gjo1nr1WmmHXHOCnf3	2026-04-13T05:22:09	入金														㈱ｺﾝｸｴｽﾄ様 ｼﾞｬｶﾞｰFﾀｲﾌﾟ 3292 7/4支
2025/07/11	100000	東京海上日動あんしん生命 医療総合保			未照合	2025/07/01		普通預金		険金橋本祥子 険金橋本祥子 もみじ福山支店 その他 本社 対象外	324	324				東京海上日動あんしん生命 医療総合保 東京海上日動あんしん生命 医療総合保 雑収入							2026/04/13 07:45:00	東京海上日動あんしん生命 医療総合保	険金橋本祥子 険金橋本祥子 もみじ福山支店 その他 本社 対象外	普通預金.pdf	140Fg34UWrvdYC8Gjo1nr1WmmHXHOCnf3	2026-04-13T05:22:09	入金														東京海上日動あんしん生命 医療総合保
2025/07/15	71023	中銀ｶｰﾄﾞ VISA			未照合	2025/07/01		普通預金		中国銀行	328	328				諸口							2026/04/13 07:45:00	中銀ｶｰﾄﾞ VISA	中国銀行	普通預金.pdf	140Fg34UWrvdYC8Gjo1nr1WmmHXHOCnf3	2026-04-13T05:22:09	入金														中銀ｶｰﾄﾞ VISA
2025/07/15	17220	ｷﾑﾗﾕﾆﾃｨ様 SB23815/23945/23980 ｷﾑﾗﾕﾆﾃｨ様 SB23815/23945/23980			未照合	2025/07/01		普通預金		もみじ福山支店 整備	330	330				売掛金							2026/04/13 07:45:00	ｷﾑﾗﾕﾆﾃｨ様 SB23815/23945/23980 ｷﾑﾗﾕﾆﾃｨ様 SB23815/23945/23980	もみじ福山支店 整備	普通預金.pdf	140Fg34UWrvdYC8Gjo1nr1WmmHXHOCnf3	2026-04-13T05:22:09	入金														ｷﾑﾗﾕﾆﾃｨ様 SB23815/23945/23980 ｷﾑﾗﾕﾆﾃｨ様 SB23815/23945/23980
2025/07/15	214947	三井住友海上火災保険㈱ 代理店保険手			未照合	2025/07/01		普通預金		数料 数料 笠岡信用組合 CB 売内10	332	332				三井住友海上火災保険㈱ 代理店保険手 三井住友海上火災保険㈱ 代理店保険手 保険手数料							2026/04/13 07:45:00	三井住友海上火災保険㈱ 代理店保険手	数料 数料 笠岡信用組合 CB 売内10	普通預金.pdf	140Fg34UWrvdYC8Gjo1nr1WmmHXHOCnf3	2026-04-13T05:22:09	入金														三井住友海上火災保険㈱ 代理店保険手
2025/07/15	18593	東京海上日動 代理店保険手数料 東京海上日動 代理店保険手数料			未照合	2025/07/01		普通預金		中国銀行 CB 売内10	333	333				保険手数料							2026/04/13 07:45:00	東京海上日動 代理店保険手数料 東京海上日動 代理店保険手数料	中国銀行 CB 売内10	普通預金.pdf	140Fg34UWrvdYC8Gjo1nr1WmmHXHOCnf3	2026-04-13T05:22:09	入金														東京海上日動 代理店保険手数料 東京海上日動 代理店保険手数料
2025/07/22	41203	オリコ 泉貴之キックバック オリコ 泉貴之キックバック			未照合	2025/07/01		普通預金		もみじ福山支店 キックハ゛ ック1 CB 売内10	357	357				受取手数料							2026/04/13 07:45:00	オリコ 泉貴之キックバック オリコ 泉貴之キックバック	もみじ福山支店 キックハ゛ ック1 CB 売内10	普通預金.pdf	140Fg34UWrvdYC8Gjo1nr1WmmHXHOCnf3	2026-04-13T05:22:09	入金														オリコ 泉貴之キックバック オリコ 泉貴之キックバック
2025/07/24	6076650	USS大阪 ｱﾙﾌｧｰﾄﾞ0021265			未照合	2025/07/01		普通預金		中国銀行	356	356				諸口							2026/04/13 07:45:00	USS大阪 ｱﾙﾌｧｰﾄﾞ0021265	中国銀行	普通預金.pdf	140Fg34UWrvdYC8Gjo1nr1WmmHXHOCnf3	2026-04-13T05:22:09	入金														USS大阪 ｱﾙﾌｧｰﾄﾞ0021265
2025/07/31	250224	中銀ｶｰﾄﾞ VISA			未照合	2025/07/01		普通預金		中国銀行	422	422				諸口							2026/04/13 07:45:00	中銀ｶｰﾄﾞ VISA	中国銀行	普通預金.pdf	140Fg34UWrvdYC8Gjo1nr1WmmHXHOCnf3	2026-04-13T05:22:09	入金														中銀ｶｰﾄﾞ VISA
2025/07/31	589059	中銀ｶｰﾄﾞ JCB			未照合	2025/07/01		普通預金		中国銀行	423	423				諸口							2026/04/13 07:45:00	中銀ｶｰﾄﾞ JCB	中国銀行	普通預金.pdf	140Fg34UWrvdYC8Gjo1nr1WmmHXHOCnf3	2026-04-13T05:22:09	入金														中銀ｶｰﾄﾞ JCB
2025/07/31	7130421	カ)オリコオ－トリ－ス ㈱ﾌﾞﾙｰｵｰｼｬﾝｽ			未照合	2025/07/01		普通預金		ﾏｰﾄｼｽﾃﾑｽﾞ ﾏｰﾄｼｽﾃﾑｽﾞ もみじ福山支店 車両	424	424				カ)オリコオ－トリ－ス ㈱ﾌﾞﾙｰｵｰｼｬﾝｽ カ)オリコオ－トリ－ス ㈱ﾌﾞﾙｰｵｰｼｬﾝｽ 売掛金							2026/04/13 07:45:00	カ)オリコオ－トリ－ス ㈱ﾌﾞﾙｰｵｰｼｬﾝｽ	ﾏｰﾄｼｽﾃﾑｽﾞ ﾏｰﾄｼｽﾃﾑｽﾞ もみじ福山支店 車両	普通預金.pdf	140Fg34UWrvdYC8Gjo1nr1WmmHXHOCnf3	2026-04-13T05:22:09	入金														カ)オリコオ－トリ－ス ㈱ﾌﾞﾙｰｵｰｼｬﾝｽ
2025/07/31	265547	㈲三愛運輸様 SB23953/23939 ㈲三愛運輸様 SB23953/23939			未照合	2025/07/01		普通預金		もみじ福山支店 整備	461	461				売掛金							2026/04/13 07:45:00	㈲三愛運輸様 SB23953/23939 ㈲三愛運輸様 SB23953/23939	もみじ福山支店 整備	普通預金.pdf	140Fg34UWrvdYC8Gjo1nr1WmmHXHOCnf3	2026-04-13T05:22:09	入金														㈲三愛運輸様 SB23953/23939 ㈲三愛運輸様 SB23953/23939
2025/07/31	239170	宇田製菓㈱様 SB23915 宇田製菓㈱様 SB23915			未照合	2025/07/01		普通預金		広島銀行② 整備	464	464				売掛金							2026/04/13 07:45:00	宇田製菓㈱様 SB23915 宇田製菓㈱様 SB23915	広島銀行② 整備	普通預金.pdf	140Fg34UWrvdYC8Gjo1nr1WmmHXHOCnf3	2026-04-13T05:22:09	入金														宇田製菓㈱様 SB23915 宇田製菓㈱様 SB23915
2025/07/31	13337643	ｺﾝｸｴｽﾄ様 6月分相殺			未照合	2025/07/01		普通預金		広島銀行②	507	507				諸口							2026/04/13 07:45:00	ｺﾝｸｴｽﾄ様 6月分相殺	広島銀行②	普通預金.pdf	140Fg34UWrvdYC8Gjo1nr1WmmHXHOCnf3	2026-04-13T05:22:09	入金														ｺﾝｸｴｽﾄ様 6月分相殺
2025/08/07	17650	日本ｶｰｿﾘｭｰｼｮﾝｽﾞ㈱自賠責㈱ﾌﾞﾙｰｵｰｼｬﾝｽﾏ			未照合	2025/08/01		普通預金		ｰﾄｼｽﾃﾑｽﾞ356145 ｰﾄｼｽﾃﾑｽﾞ356145 もみじ福山支店 預かり法定費用	520	520				日本ｶｰｿﾘｭｰｼｮﾝｽﾞ㈱自賠責㈱ﾌﾞﾙｰｵｰｼｬﾝｽﾏ 日本ｶｰｿﾘｭｰｼｮﾝｽﾞ㈱自賠責㈱ﾌﾞﾙｰｵｰｼｬﾝｽﾏ 08/08 預り金							2026/04/13 07:45:00	日本ｶｰｿﾘｭｰｼｮﾝｽﾞ㈱自賠責㈱ﾌﾞﾙｰｵｰｼｬﾝｽﾏ	ｰﾄｼｽﾃﾑｽﾞ356145 ｰﾄｼｽﾃﾑｽﾞ356145 もみじ福山支店 預かり法定費用	普通預金.pdf	140Fg34UWrvdYC8Gjo1nr1WmmHXHOCnf3	2026-04-13T05:22:09	入金														日本ｶｰｿﾘｭｰｼｮﾝｽﾞ㈱自賠責㈱ﾌﾞﾙｰｵｰｼｬﾝｽﾏ
2025/08/15	250295	中銀ｶｰﾄﾞ JCB			未照合	2025/08/01		普通預金		中国銀行	559	559				諸口							2026/04/13 07:45:00	中銀ｶｰﾄﾞ JCB	中国銀行	普通預金.pdf	140Fg34UWrvdYC8Gjo1nr1WmmHXHOCnf3	2026-04-13T05:22:09	入金														中銀ｶｰﾄﾞ JCB
2025/08/15	18102	中銀ｶｰﾄﾞ VISA 中銀ｶｰﾄﾞ VISA 大幡一樹様 SB24047			未照合	2025/08/01		普通預金		中国銀行 整備	560	560				売掛金							2026/04/13 07:45:00	中銀ｶｰﾄﾞ VISA 中銀ｶｰﾄﾞ VISA 大幡一樹様 SB24047	中国銀行 整備	普通預金.pdf	140Fg34UWrvdYC8Gjo1nr1WmmHXHOCnf3	2026-04-13T05:22:09	入金														中銀ｶｰﾄﾞ VISA 中銀ｶｰﾄﾞ VISA 大幡一樹様 SB24047
2025/08/15	3722	国税還付金 源泉所得及び復興税 国税還付金 源泉所得及び復興税			未照合	2025/08/01		普通預金		広島信用金庫 その他	562	562				未収入金							2026/04/13 07:45:00	国税還付金 源泉所得及び復興税 国税還付金 源泉所得及び復興税	広島信用金庫 その他	普通預金.pdf	140Fg34UWrvdYC8Gjo1nr1WmmHXHOCnf3	2026-04-13T05:22:09	入金														国税還付金 源泉所得及び復興税 国税還付金 源泉所得及び復興税
2025/08/15	880000	東京海上日動火災保険㈱ SB23814 ｺﾝｸ			未照合	2025/08/01		普通預金		ｴｽﾄ清水勝重様 ｴｽﾄ清水勝重様 もみじ福山支店 整備	569	569				東京海上日動火災保険㈱ SB23814 ｺﾝｸ 東京海上日動火災保険㈱ SB23814 ｺﾝｸ 売掛金							2026/04/13 07:45:00	東京海上日動火災保険㈱ SB23814 ｺﾝｸ	ｴｽﾄ清水勝重様 ｴｽﾄ清水勝重様 もみじ福山支店 整備	普通預金.pdf	140Fg34UWrvdYC8Gjo1nr1WmmHXHOCnf3	2026-04-13T05:22:09	入金														東京海上日動火災保険㈱ SB23814 ｺﾝｸ
2025/08/15	117417	ｷﾑﾗﾕﾆﾃｨ㈱様 SB23980/23992/23861 ｷﾑﾗﾕﾆﾃｨ㈱様 SB23980/23992/23861			未照合	2025/08/01		普通預金		もみじ福山支店 整備	570	570				売掛金							2026/04/13 07:45:00	ｷﾑﾗﾕﾆﾃｨ㈱様 SB23980/23992/23861 ｷﾑﾗﾕﾆﾃｨ㈱様 SB23980/23992/23861	もみじ福山支店 整備	普通預金.pdf	140Fg34UWrvdYC8Gjo1nr1WmmHXHOCnf3	2026-04-13T05:22:09	入金														ｷﾑﾗﾕﾆﾃｨ㈱様 SB23980/23992/23861 ｷﾑﾗﾕﾆﾃｨ㈱様 SB23980/23992/23861
2025/08/17	61	決算利息 決算利息			未照合	2025/08/01		普通預金		広島信用金庫 預金利息12 本社 売非課税	789	789				受取利息							2026/04/13 07:45:00	決算利息 決算利息	広島信用金庫 預金利息12 本社 売非課税	普通預金.pdf	140Fg34UWrvdYC8Gjo1nr1WmmHXHOCnf3	2026-04-13T05:22:09	入金														決算利息 決算利息
2025/08/18	148560	三井住友海上火災保険㈱ 代理店保険手			未照合	2025/08/01		普通預金		数料 数料 笠岡信用組合 CB 売内10	547	547				三井住友海上火災保険㈱ 代理店保険手 三井住友海上火災保険㈱ 代理店保険手 保険手数料							2026/04/13 07:45:00	三井住友海上火災保険㈱ 代理店保険手	数料 数料 笠岡信用組合 CB 売内10	普通預金.pdf	140Fg34UWrvdYC8Gjo1nr1WmmHXHOCnf3	2026-04-13T05:22:09	入金														三井住友海上火災保険㈱ 代理店保険手
2025/08/18	73450	橋本祥子 堀病院実費 橋本祥子 堀病院実費			未照合	2025/08/01		普通預金		笠岡信用組合 その他	583	583				立替金							2026/04/13 07:45:00	橋本祥子 堀病院実費 橋本祥子 堀病院実費	笠岡信用組合 その他	普通預金.pdf	140Fg34UWrvdYC8Gjo1nr1WmmHXHOCnf3	2026-04-13T05:22:09	入金														橋本祥子 堀病院実費 橋本祥子 堀病院実費
2025/08/18	2074	受取利息 受取利息			未照合	2025/08/01		普通預金		中国銀行 預金利息12 本社 売非課税	594	594				受取利息							2026/04/13 07:45:00	受取利息 受取利息	中国銀行 預金利息12 本社 売非課税	普通預金.pdf	140Fg34UWrvdYC8Gjo1nr1WmmHXHOCnf3	2026-04-13T05:22:09	入金														受取利息 受取利息
2025/08/18	2435	受取利息 受取利息			未照合	2025/08/01		普通預金		もみじ福山支店 預金利息12 本社 売非課税	595	595				受取利息							2026/04/13 07:45:00	受取利息 受取利息	もみじ福山支店 預金利息12 本社 売非課税	普通預金.pdf	140Fg34UWrvdYC8Gjo1nr1WmmHXHOCnf3	2026-04-13T05:22:09	入金														受取利息 受取利息
2025/08/19	21381	東京海上日動 代理店保険手数料 東京海上日動 代理店保険手数料			未照合	2025/08/01		普通預金		中国銀行 CB 売内10	590	590				保険手数料							2026/04/13 07:45:00	東京海上日動 代理店保険手数料 東京海上日動 代理店保険手数料	中国銀行 CB 売内10	普通預金.pdf	140Fg34UWrvdYC8Gjo1nr1WmmHXHOCnf3	2026-04-13T05:22:09	入金														東京海上日動 代理店保険手数料 東京海上日動 代理店保険手数料
2025/08/20	1000000	山本彩加様 ﾌﾟｼﾞｮｰ 208 車両代 山本彩加様 ﾌﾟｼﾞｮｰ 208 車両代			未照合	2025/08/01		普通預金		広島銀行②	585	585				仮受金							2026/04/13 07:45:00	山本彩加様 ﾌﾟｼﾞｮｰ 208 車両代 山本彩加様 ﾌﾟｼﾞｮｰ 208 車両代	広島銀行②	普通預金.pdf	140Fg34UWrvdYC8Gjo1nr1WmmHXHOCnf3	2026-04-13T05:22:09	入金														山本彩加様 ﾌﾟｼﾞｮｰ 208 車両代 山本彩加様 ﾌﾟｼﾞｮｰ 208 車両代
2025/08/29	7545864	笠信 短期借入金 760万 笠信 短期借入金 760万			未照合	2025/08/01		普通預金		笠岡信用組合 笠信 760万	672	672				短期借入金							2026/04/13 07:45:00	笠信 短期借入金 760万 笠信 短期借入金 760万	笠岡信用組合 笠信 760万	普通預金.pdf	140Fg34UWrvdYC8Gjo1nr1WmmHXHOCnf3	2026-04-13T05:22:09	入金														笠信 短期借入金 760万 笠信 短期借入金 760万
2025/08/29	161158	中銀ｶｰﾄﾞ VISA			未照合	2025/08/01		普通預金		中国銀行	674	674				諸口							2026/04/13 07:45:00	中銀ｶｰﾄﾞ VISA	中国銀行	普通預金.pdf	140Fg34UWrvdYC8Gjo1nr1WmmHXHOCnf3	2026-04-13T05:22:09	入金														中銀ｶｰﾄﾞ VISA
2025/08/29	210318	中銀ｶｰﾄﾞ JCB			未照合	2025/08/01		普通預金		中国銀行	675	675				諸口							2026/04/13 07:45:00	中銀ｶｰﾄﾞ JCB	中国銀行	普通預金.pdf	140Fg34UWrvdYC8Gjo1nr1WmmHXHOCnf3	2026-04-13T05:22:09	入金														中銀ｶｰﾄﾞ JCB
2025/08/29	59999780	日本政策金融金庫 R7.12～元金 2件分			未照合	2025/08/01		普通預金		笠岡信用組合	678	678				日本政策金融金庫 R7.12～元金 2件分 諸口							2026/04/13 07:45:00	日本政策金融金庫 R7.12～元金 2件分	笠岡信用組合	普通預金.pdf	140Fg34UWrvdYC8Gjo1nr1WmmHXHOCnf3	2026-04-13T05:22:09	入金														日本政策金融金庫 R7.12～元金 2件分
2025/08/29	260000000	長期借入金 長期借入金			未照合	2025/08/01		普通預金		笠岡信用組合 笠信 2600千万	679	679				長期借入金							2026/04/13 07:45:00	長期借入金 長期借入金	笠岡信用組合 笠信 2600千万	普通預金.pdf	140Fg34UWrvdYC8Gjo1nr1WmmHXHOCnf3	2026-04-13T05:22:09	入金														長期借入金 長期借入金
2025/08/29	108820000	もみじ返済 2025.08.29 該当なし 現金			未照合	2025/08/01		普通預金		もみじ福山支店 笠岡信用組合	681	681				普通預金							2026/04/13 07:45:00	もみじ返済 2025.08.29 該当なし 現金	もみじ福山支店 笠岡信用組合	普通預金.pdf	140Fg34UWrvdYC8Gjo1nr1WmmHXHOCnf3	2026-04-13T05:22:09	入金														もみじ返済 2025.08.29 該当なし 現金
2025/08/29	71013	戻し利息 元金3,000万円 もみじ銀行 戻し利息 元金3,000万円 もみじ銀行			未照合	2025/08/01		普通預金		もみじ福山支店 支払利息34 本社	713	713				支払利息							2026/04/13 07:45:00	戻し利息 元金3,000万円 もみじ銀行 戻し利息 元金3,000万円 もみじ銀行	もみじ福山支店 支払利息34 本社	普通預金.pdf	140Fg34UWrvdYC8Gjo1nr1WmmHXHOCnf3	2026-04-13T05:22:09	入金														戻し利息 元金3,000万円 もみじ銀行 戻し利息 元金3,000万円 もみじ銀行
2025/08/29	12962	戻し利息 元金60,660,000 もみじ銀行			未照合	2025/08/01		普通預金		もみじ福山支店 支払利息34 本社	715	715				戻し利息 元金60,660,000 もみじ銀行 戻し利息 元金60,660,000 もみじ銀行 支払利息							2026/04/13 07:45:00	戻し利息 元金60,660,000 もみじ銀行	もみじ福山支店 支払利息34 本社	普通預金.pdf	140Fg34UWrvdYC8Gjo1nr1WmmHXHOCnf3	2026-04-13T05:22:09	入金														戻し利息 元金60,660,000 もみじ銀行
2025/08/29	4664	戻し利息 元金 18,160,000円 もみじ			未照合	2025/08/01		普通預金		銀行 銀行 もみじ福山支店 支払利息34 本社	717	717				戻し利息 元金 18,160,000円 もみじ 戻し利息 元金 18,160,000円 もみじ 支払利息							2026/04/13 07:45:00	戻し利息 元金 18,160,000円 もみじ	銀行 銀行 もみじ福山支店 支払利息34 本社	普通預金.pdf	140Fg34UWrvdYC8Gjo1nr1WmmHXHOCnf3	2026-04-13T05:22:09	入金														戻し利息 元金 18,160,000円 もみじ
2025/08/29	149182	皿谷ﾓｰﾀｰｽ様 SB24053 小切手にて（8/			未照合	2025/08/01		普通預金		28分） 28分） もみじ福山支店 整備	736	736				皿谷ﾓｰﾀｰｽ様 SB24053 小切手にて（8/ 皿谷ﾓｰﾀｰｽ様 SB24053 小切手にて（8/ 売掛金							2026/04/13 07:45:00	皿谷ﾓｰﾀｰｽ様 SB24053 小切手にて（8/	28分） 28分） もみじ福山支店 整備	普通預金.pdf	140Fg34UWrvdYC8Gjo1nr1WmmHXHOCnf3	2026-04-13T05:22:09	入金														皿谷ﾓｰﾀｰｽ様 SB24053 小切手にて（8/
2025/09/04	100000	山本彩加 山本彩加			未照合	2025/09/01		普通預金		広島銀行② 車両	746	746				売掛金							2026/04/13 07:45:00	山本彩加 山本彩加	広島銀行② 車両	普通預金.pdf	140Fg34UWrvdYC8Gjo1nr1WmmHXHOCnf3	2026-04-13T05:22:09	入金														山本彩加 山本彩加
2025/09/04	2223640	オリコ 竹本彩乃 MINI オリコ 竹本彩乃 MINI			未照合	2025/09/01		普通預金		もみじ福山支店 車両	748	748				売掛金							2026/04/13 07:45:00	オリコ 竹本彩乃 MINI オリコ 竹本彩乃 MINI	もみじ福山支店 車両	普通預金.pdf	140Fg34UWrvdYC8Gjo1nr1WmmHXHOCnf3	2026-04-13T05:22:09	入金														オリコ 竹本彩乃 MINI オリコ 竹本彩乃 MINI
2025/09/10	6000	JU広島 サマーキャンペーン JU広島 サマーキャンペーン			未照合	2025/09/01		普通預金		中国銀行 その他 CB 売内10	819	819				受取手数料							2026/04/13 07:45:00	JU広島 サマーキャンペーン JU広島 サマーキャンペーン	中国銀行 その他 CB 売内10	普通預金.pdf	140Fg34UWrvdYC8Gjo1nr1WmmHXHOCnf3	2026-04-13T05:22:09	入金														JU広島 サマーキャンペーン JU広島 サマーキャンペーン
2025/09/15	5363	笠信 決算利息 笠信 決算利息			未照合	2025/09/01		普通預金		笠岡信用組合 預金利息12 本社 売非課税	867	867				受取利息							2026/04/13 07:45:00	笠信 決算利息 笠信 決算利息	笠岡信用組合 預金利息12 本社 売非課税	普通預金.pdf	140Fg34UWrvdYC8Gjo1nr1WmmHXHOCnf3	2026-04-13T05:22:09	入金														笠信 決算利息 笠信 決算利息
2025/09/16	4015	ｷﾑﾗﾕﾆﾃｨ㈱様 SB24015 ｷﾑﾗﾕﾆﾃｨ㈱様 SB24015			未照合	2025/09/01		普通預金		もみじ福山支店 整備	864	864				売掛金							2026/04/13 07:45:00	ｷﾑﾗﾕﾆﾃｨ㈱様 SB24015 ｷﾑﾗﾕﾆﾃｨ㈱様 SB24015	もみじ福山支店 整備	普通預金.pdf	140Fg34UWrvdYC8Gjo1nr1WmmHXHOCnf3	2026-04-13T05:22:09	入金														ｷﾑﾗﾕﾆﾃｨ㈱様 SB24015 ｷﾑﾗﾕﾆﾃｨ㈱様 SB24015
2025/09/16	406353	三井住友海上火災保険㈱ 代理店保険手			未照合	2025/09/01		普通預金		数料 数料 笠岡信用組合 CB 売内10	865	865				三井住友海上火災保険㈱ 代理店保険手 三井住友海上火災保険㈱ 代理店保険手 保険手数料							2026/04/13 07:45:00	三井住友海上火災保険㈱ 代理店保険手	数料 数料 笠岡信用組合 CB 売内10	普通預金.pdf	140Fg34UWrvdYC8Gjo1nr1WmmHXHOCnf3	2026-04-13T05:22:09	入金														三井住友海上火災保険㈱ 代理店保険手
2025/09/16	2654	広銀 受取利息 広銀 受取利息			未照合	2025/09/01		普通預金		広島銀行② 預金利息12 本社 売非課税	868	868				受取利息							2026/04/13 07:45:00	広銀 受取利息 広銀 受取利息	広島銀行② 預金利息12 本社 売非課税	普通預金.pdf	140Fg34UWrvdYC8Gjo1nr1WmmHXHOCnf3	2026-04-13T05:22:09	入金														広銀 受取利息 広銀 受取利息
2025/09/16	115386	中銀ｶｰﾄﾞ JCB			未照合	2025/09/01		普通預金		中国銀行	871	871				諸口							2026/04/13 07:45:00	中銀ｶｰﾄﾞ JCB	中国銀行	普通預金.pdf	140Fg34UWrvdYC8Gjo1nr1WmmHXHOCnf3	2026-04-13T05:22:09	入金														中銀ｶｰﾄﾞ JCB
2025/09/16	425380	中銀ｶｰﾄﾞ VISA			未照合	2025/09/01		普通預金		中国銀行	872	872				諸口							2026/04/13 07:45:00	中銀ｶｰﾄﾞ VISA	中国銀行	普通預金.pdf	140Fg34UWrvdYC8Gjo1nr1WmmHXHOCnf3	2026-04-13T05:22:09	入金														中銀ｶｰﾄﾞ VISA
2025/09/17	15257	東京海上日動 代理店保険手数料 東京海上日動 代理店保険手数料			未照合	2025/09/01		普通預金		中国銀行 CB 売内10	866	866				保険手数料							2026/04/13 07:45:00	東京海上日動 代理店保険手数料 東京海上日動 代理店保険手数料	中国銀行 CB 売内10	普通預金.pdf	140Fg34UWrvdYC8Gjo1nr1WmmHXHOCnf3	2026-04-13T05:22:09	入金														東京海上日動 代理店保険手数料 東京海上日動 代理店保険手数料
2025/09/22	31900	㈱USS大阪 自税ｱﾙﾌｧｰﾄﾞ.0021265 ㈱USS大阪 自税ｱﾙﾌｧｰﾄﾞ.0021265			未照合	2025/09/01		普通預金		中国銀行 その他 CB 売内10	886	886				受取手数料							2026/04/13 07:45:00	㈱USS大阪 自税ｱﾙﾌｧｰﾄﾞ.0021265 ㈱USS大阪 自税ｱﾙﾌｧｰﾄﾞ.0021265	中国銀行 その他 CB 売内10	普通預金.pdf	140Fg34UWrvdYC8Gjo1nr1WmmHXHOCnf3	2026-04-13T05:22:09	入金														㈱USS大阪 自税ｱﾙﾌｧｰﾄﾞ.0021265 ㈱USS大阪 自税ｱﾙﾌｧｰﾄﾞ.0021265
2025/09/22	12996	ｵﾘｺ ｷｬｯｼｭﾊﾞｯｸ ｵﾘｺ ｷｬｯｼｭﾊﾞｯｸ			未照合	2025/09/01		普通預金		もみじ福山支店 キックハ゛ ック1 CB 売内10	888	888				受取手数料							2026/04/13 07:45:00	ｵﾘｺ ｷｬｯｼｭﾊﾞｯｸ ｵﾘｺ ｷｬｯｼｭﾊﾞｯｸ	もみじ福山支店 キックハ゛ ック1 CB 売内10	普通預金.pdf	140Fg34UWrvdYC8Gjo1nr1WmmHXHOCnf3	2026-04-13T05:22:09	入金														ｵﾘｺ ｷｬｯｼｭﾊﾞｯｸ ｵﾘｺ ｷｬｯｼｭﾊﾞｯｸ
2025/09/29	907200	ｵﾘｺ 山本彩加様 ﾌﾟｼﾞｮｰ 208 車両 ｵﾘｺ 山本彩加様 ﾌﾟｼﾞｮｰ 208 車両			未照合	2025/09/01		普通預金		もみじ福山支店 車両	927	927				売掛金							2026/04/13 07:45:00	ｵﾘｺ 山本彩加様 ﾌﾟｼﾞｮｰ 208 車両 ｵﾘｺ 山本彩加様 ﾌﾟｼﾞｮｰ 208 車両	もみじ福山支店 車両	普通預金.pdf	140Fg34UWrvdYC8Gjo1nr1WmmHXHOCnf3	2026-04-13T05:22:09	入金														ｵﾘｺ 山本彩加様 ﾌﾟｼﾞｮｰ 208 車両 ｵﾘｺ 山本彩加様 ﾌﾟｼﾞｮｰ 208 車両
2025/09/29	265520	山本彩加様 ﾌﾟｼﾞｮｰ208 車両 山本彩加様 ﾌﾟｼﾞｮｰ208 車両			未照合	2025/09/01		普通預金		広島銀行② 車両	930	930				売掛金							2026/04/13 07:45:00	山本彩加様 ﾌﾟｼﾞｮｰ208 車両 山本彩加様 ﾌﾟｼﾞｮｰ208 車両	広島銀行② 車両	普通預金.pdf	140Fg34UWrvdYC8Gjo1nr1WmmHXHOCnf3	2026-04-13T05:22:09	入金														山本彩加様 ﾌﾟｼﾞｮｰ208 車両 山本彩加様 ﾌﾟｼﾞｮｰ208 車両
2025/09/29	34805	中銀ｶｰﾄﾞ JCB 中銀ｶｰﾄﾞ JCB 連石靖紀様 SB24173			未照合	2025/09/01		普通預金		中国銀行 整備	986	986				売掛金							2026/04/13 07:45:00	中銀ｶｰﾄﾞ JCB 中銀ｶｰﾄﾞ JCB 連石靖紀様 SB24173	中国銀行 整備	普通預金.pdf	140Fg34UWrvdYC8Gjo1nr1WmmHXHOCnf3	2026-04-13T05:22:09	入金														中銀ｶｰﾄﾞ JCB 中銀ｶｰﾄﾞ JCB 連石靖紀様 SB24173
2025/09/29	1070766	中銀ｶｰﾄﾞ VISA			未照合	2025/09/01		普通預金		中国銀行	987	987				諸口							2026/04/13 07:45:00	中銀ｶｰﾄﾞ VISA	中国銀行	普通預金.pdf	140Fg34UWrvdYC8Gjo1nr1WmmHXHOCnf3	2026-04-13T05:22:09	入金														中銀ｶｰﾄﾞ VISA
2025/10/08	20000000	㈱ｲｰｸﾞﾙﾎｰﾙﾃﾞｨﾝｸﾞｽ様 MBGｸﾗｽ 404843 ㈱ｲｰｸﾞﾙﾎｰﾙﾃﾞｨﾝｸﾞｽ様 MBGｸﾗｽ 404843			未照合	2025/10/01		普通預金		広島銀行② 車両	1022	1022				売掛金							2026/04/13 07:45:00	㈱ｲｰｸﾞﾙﾎｰﾙﾃﾞｨﾝｸﾞｽ様 MBGｸﾗｽ 404843 ㈱ｲｰｸﾞﾙﾎｰﾙﾃﾞｨﾝｸﾞｽ様 MBGｸﾗｽ 404843	広島銀行② 車両	普通預金.pdf	140Fg34UWrvdYC8Gjo1nr1WmmHXHOCnf3	2026-04-13T05:22:09	入金														㈱ｲｰｸﾞﾙﾎｰﾙﾃﾞｨﾝｸﾞｽ様 MBGｸﾗｽ 404843 ㈱ｲｰｸﾞﾙﾎｰﾙﾃﾞｨﾝｸﾞｽ様 MBGｸﾗｽ 404843
2025/10/10	985650	㈱ｲｰｸﾞﾙﾎｰﾙﾃﾞｨﾝｸﾞｽ様 MBGｸﾗｽ 404843 ㈱ｲｰｸﾞﾙﾎｰﾙﾃﾞｨﾝｸﾞｽ様 MBGｸﾗｽ 404843			未照合	2025/10/01		普通預金		広島銀行② 車両	1056	1056				売掛金							2026/04/13 07:45:00	㈱ｲｰｸﾞﾙﾎｰﾙﾃﾞｨﾝｸﾞｽ様 MBGｸﾗｽ 404843 ㈱ｲｰｸﾞﾙﾎｰﾙﾃﾞｨﾝｸﾞｽ様 MBGｸﾗｽ 404843	広島銀行② 車両	普通預金.pdf	140Fg34UWrvdYC8Gjo1nr1WmmHXHOCnf3	2026-04-13T05:22:09	入金														㈱ｲｰｸﾞﾙﾎｰﾙﾃﾞｨﾝｸﾞｽ様 MBGｸﾗｽ 404843 ㈱ｲｰｸﾞﾙﾎｰﾙﾃﾞｨﾝｸﾞｽ様 MBGｸﾗｽ 404843
2025/10/15	62717	中銀ｶｰﾄﾞ VISA 中銀ｶｰﾄﾞ VISA 安部典高様 SB24172			未照合	2025/10/01		普通預金		中国銀行 整備	1091	1091				売掛金							2026/04/13 07:45:00	中銀ｶｰﾄﾞ VISA 中銀ｶｰﾄﾞ VISA 安部典高様 SB24172	中国銀行 整備	普通預金.pdf	140Fg34UWrvdYC8Gjo1nr1WmmHXHOCnf3	2026-04-13T05:22:09	入金														中銀ｶｰﾄﾞ VISA 中銀ｶｰﾄﾞ VISA 安部典高様 SB24172
2025/10/15	381375	中銀ｶｰﾄﾞ JCB			未照合	2025/10/01		普通預金		中国銀行	1092	1092				諸口							2026/04/13 07:45:00	中銀ｶｰﾄﾞ JCB	中国銀行	普通預金.pdf	140Fg34UWrvdYC8Gjo1nr1WmmHXHOCnf3	2026-04-13T05:22:09	入金														中銀ｶｰﾄﾞ JCB
2025/10/15	148534	三井住友海上火災保険㈱ 代理店保険手			未照合	2025/10/01		普通預金		数料 数料 笠岡信用組合 CB 売内10	1095	1095				三井住友海上火災保険㈱ 代理店保険手 三井住友海上火災保険㈱ 代理店保険手 10/16 保険手数料							2026/04/13 07:45:00	三井住友海上火災保険㈱ 代理店保険手	数料 数料 笠岡信用組合 CB 売内10	普通預金.pdf	140Fg34UWrvdYC8Gjo1nr1WmmHXHOCnf3	2026-04-13T05:22:09	入金														三井住友海上火災保険㈱ 代理店保険手
2025/10/15	9314	東京海上日動 代理店保険手数料 東京海上日動 代理店保険手数料			未照合	2025/10/01		普通預金		中国銀行 CB 売内10	1096	1096				保険手数料							2026/04/13 07:45:00	東京海上日動 代理店保険手数料 東京海上日動 代理店保険手数料	中国銀行 CB 売内10	普通預金.pdf	140Fg34UWrvdYC8Gjo1nr1WmmHXHOCnf3	2026-04-13T05:22:09	入金														東京海上日動 代理店保険手数料 東京海上日動 代理店保険手数料
2025/10/20	210000	あいおいﾆｯｾｲ同和 SB24232 あいおいﾆｯｾｲ同和 SB24232			未照合	2025/10/01		普通預金		もみじ福山支店 整備	1133	1133				売掛金							2026/04/13 07:45:00	あいおいﾆｯｾｲ同和 SB24232 あいおいﾆｯｾｲ同和 SB24232	もみじ福山支店 整備	普通預金.pdf	140Fg34UWrvdYC8Gjo1nr1WmmHXHOCnf3	2026-04-13T05:22:09	入金														あいおいﾆｯｾｲ同和 SB24232 あいおいﾆｯｾｲ同和 SB24232
2025/10/20	5177587	ｵﾘｺ 唐川晟亜様 ﾚｸｻｽES 12720 ｵﾘｺ 唐川晟亜様 ﾚｸｻｽES 12720			未照合	2025/10/01		普通預金		もみじ福山支店 車両	1134	1134				売掛金							2026/04/13 07:45:00	ｵﾘｺ 唐川晟亜様 ﾚｸｻｽES 12720 ｵﾘｺ 唐川晟亜様 ﾚｸｻｽES 12720	もみじ福山支店 車両	普通預金.pdf	140Fg34UWrvdYC8Gjo1nr1WmmHXHOCnf3	2026-04-13T05:22:09	入金														ｵﾘｺ 唐川晟亜様 ﾚｸｻｽES 12720 ｵﾘｺ 唐川晟亜様 ﾚｸｻｽES 12720
2025/10/20	4979	オリコ キックバック オリコ キックバック			未照合	2025/10/01		普通預金		もみじ福山支店 キックハ゛ ック1 CB 売内10	1189	1189				受取手数料							2026/04/13 07:45:00	オリコ キックバック オリコ キックバック	もみじ福山支店 キックハ゛ ック1 CB 売内10	普通預金.pdf	140Fg34UWrvdYC8Gjo1nr1WmmHXHOCnf3	2026-04-13T05:22:09	入金														オリコ キックバック オリコ キックバック
2025/10/21	1324360	㈱ｲｰｸﾞﾙﾎｰﾙﾃﾞｨﾝｸﾞｽ様 MBGｸﾗｽ 404843 ㈱ｲｰｸﾞﾙﾎｰﾙﾃﾞｨﾝｸﾞｽ様 MBGｸﾗｽ 404843			未照合	2025/10/01		普通預金		広島銀行② 車両	1128	1128				売掛金							2026/04/13 07:45:00	㈱ｲｰｸﾞﾙﾎｰﾙﾃﾞｨﾝｸﾞｽ様 MBGｸﾗｽ 404843 ㈱ｲｰｸﾞﾙﾎｰﾙﾃﾞｨﾝｸﾞｽ様 MBGｸﾗｽ 404843	広島銀行② 車両	普通預金.pdf	140Fg34UWrvdYC8Gjo1nr1WmmHXHOCnf3	2026-04-13T05:22:09	入金														㈱ｲｰｸﾞﾙﾎｰﾙﾃﾞｨﾝｸﾞｽ様 MBGｸﾗｽ 404843 ㈱ｲｰｸﾞﾙﾎｰﾙﾃﾞｨﾝｸﾞｽ様 MBGｸﾗｽ 404843
2025/10/22	67000	あいおいﾆｯｾｲ同和 SB24233 あいおいﾆｯｾｲ同和 SB24233			未照合	2025/10/01		普通預金		もみじ福山支店 整備	1138	1138				売掛金							2026/04/13 07:45:00	あいおいﾆｯｾｲ同和 SB24233 あいおいﾆｯｾｲ同和 SB24233	もみじ福山支店 整備	普通預金.pdf	140Fg34UWrvdYC8Gjo1nr1WmmHXHOCnf3	2026-04-13T05:22:09	入金														あいおいﾆｯｾｲ同和 SB24233 あいおいﾆｯｾｲ同和 SB24233
2025/10/31	10968	中銀ｶｰﾄﾞ VISA 飯村修吾様 SB24290 中銀ｶｰﾄﾞ VISA 飯村修吾様 SB24290			未照合	2025/10/01		普通預金		中国銀行 整備	1221	1221				売掛金							2026/04/13 07:45:00	中銀ｶｰﾄﾞ VISA 飯村修吾様 SB24290 中銀ｶｰﾄﾞ VISA 飯村修吾様 SB24290	中国銀行 整備	普通預金.pdf	140Fg34UWrvdYC8Gjo1nr1WmmHXHOCnf3	2026-04-13T05:22:09	入金														中銀ｶｰﾄﾞ VISA 飯村修吾様 SB24290 中銀ｶｰﾄﾞ VISA 飯村修吾様 SB24290
2025/10/31	466510	㈱ｺﾝｸｴｽﾄ 9月分			未照合	2025/10/01		普通預金		広島銀行②	1296	1296				諸口							2026/04/13 07:45:00	㈱ｺﾝｸｴｽﾄ 9月分	広島銀行②	普通預金.pdf	140Fg34UWrvdYC8Gjo1nr1WmmHXHOCnf3	2026-04-13T05:22:09	入金														㈱ｺﾝｸｴｽﾄ 9月分
2025/11/05	380600	東京海上日動火災保険㈱ SB24248 東京海上日動火災保険㈱ SB24248			未照合	2025/11/01		普通預金		もみじ福山支店 整備	1290	1290				売掛金							2026/04/13 07:45:00	東京海上日動火災保険㈱ SB24248 東京海上日動火災保険㈱ SB24248	もみじ福山支店 整備	普通預金.pdf	140Fg34UWrvdYC8Gjo1nr1WmmHXHOCnf3	2026-04-13T05:22:09	入金														東京海上日動火災保険㈱ SB24248 東京海上日動火災保険㈱ SB24248
2025/11/13	50000	全国懇話会交流大会 全国懇話会交流大会			未照合	2025/11/01		普通預金		笠岡信用組合 その他 本社 対象外	1362	1362				雑収入							2026/04/13 07:45:00	全国懇話会交流大会 全国懇話会交流大会	笠岡信用組合 その他 本社 対象外	普通預金.pdf	140Fg34UWrvdYC8Gjo1nr1WmmHXHOCnf3	2026-04-13T05:22:09	入金														全国懇話会交流大会 全国懇話会交流大会
2025/11/13	34280	ｷﾑﾗﾕﾆﾃｨ㈱様 SB24266 SB24275 SB242			未照合	2025/11/01		普通預金		もみじ福山支店 整備	1373	1373				ｷﾑﾗﾕﾆﾃｨ㈱様 SB24266 SB24275 SB242 ｷﾑﾗﾕﾆﾃｨ㈱様 SB24266 SB24275 SB242 11/14 売掛金							2026/04/13 07:45:00	ｷﾑﾗﾕﾆﾃｨ㈱様 SB24266 SB24275 SB242	もみじ福山支店 整備	普通預金.pdf	140Fg34UWrvdYC8Gjo1nr1WmmHXHOCnf3	2026-04-13T05:22:09	入金														ｷﾑﾗﾕﾆﾃｨ㈱様 SB24266 SB24275 SB242
2025/11/18	158904	三井住友海上火災保険㈱ 代理店保険手			未照合	2025/11/01		普通預金		数料 数料 笠岡信用組合 CB 売内10	1394	1394				三井住友海上火災保険㈱ 代理店保険手 三井住友海上火災保険㈱ 代理店保険手 保険手数料							2026/04/13 07:45:00	三井住友海上火災保険㈱ 代理店保険手	数料 数料 笠岡信用組合 CB 売内10	普通預金.pdf	140Fg34UWrvdYC8Gjo1nr1WmmHXHOCnf3	2026-04-13T05:22:09	入金														三井住友海上火災保険㈱ 代理店保険手
2025/11/18	30985	ｵﾘｺ ｷｯｸﾊﾞｯｸ ｵﾘｺ ｷｯｸﾊﾞｯｸ			未照合	2025/11/01		普通預金		もみじ福山支店 キックハ゛ ック1 CB 売内10	1582	1582				受取手数料							2026/04/13 07:45:00	ｵﾘｺ ｷｯｸﾊﾞｯｸ ｵﾘｺ ｷｯｸﾊﾞｯｸ	もみじ福山支店 キックハ゛ ック1 CB 売内10	普通預金.pdf	140Fg34UWrvdYC8Gjo1nr1WmmHXHOCnf3	2026-04-13T05:22:09	入金														ｵﾘｺ ｷｯｸﾊﾞｯｸ ｵﾘｺ ｷｯｸﾊﾞｯｸ
2025/11/21	8700000	㈱ｶｰｽﾞﾄﾞﾛｯﾌﾟｲﾝ様 車両 CH3809 ㈱ｶｰｽﾞﾄﾞﾛｯﾌﾟｲﾝ様 車両 CH3809			未照合	2025/11/01		普通預金		広島銀行② 車両	1402	1402				売掛金							2026/04/13 07:45:00	㈱ｶｰｽﾞﾄﾞﾛｯﾌﾟｲﾝ様 車両 CH3809 ㈱ｶｰｽﾞﾄﾞﾛｯﾌﾟｲﾝ様 車両 CH3809	広島銀行② 車両	普通預金.pdf	140Fg34UWrvdYC8Gjo1nr1WmmHXHOCnf3	2026-04-13T05:22:09	入金														㈱ｶｰｽﾞﾄﾞﾛｯﾌﾟｲﾝ様 車両 CH3809 ㈱ｶｰｽﾞﾄﾞﾛｯﾌﾟｲﾝ様 車両 CH3809
2025/11/28	357299	中銀ｶｰﾄﾞ VISA			未照合	2025/11/01		普通預金		中国銀行	1456	1456				諸口							2026/04/13 07:45:00	中銀ｶｰﾄﾞ VISA	中国銀行	普通預金.pdf	140Fg34UWrvdYC8Gjo1nr1WmmHXHOCnf3	2026-04-13T05:22:09	入金														中銀ｶｰﾄﾞ VISA
2025/11/28	21287	中銀ｶｰﾄﾞ JCB			未照合	2025/11/01		普通預金		中国銀行	1457	1457				諸口							2026/04/13 07:45:00	中銀ｶｰﾄﾞ JCB	中国銀行	普通預金.pdf	140Fg34UWrvdYC8Gjo1nr1WmmHXHOCnf3	2026-04-13T05:22:09	入金														中銀ｶｰﾄﾞ JCB
2025/11/28	15000000	笠信 長期借入金 1,500万円 R7.11 笠信 長期借入金 1,500万円 R7.11			未照合	2025/11/01		普通預金		笠岡信用組合 笠信1500万円	1459	1459				長期借入金							2026/04/13 07:45:00	笠信 長期借入金 1,500万円 R7.11 笠信 長期借入金 1,500万円 R7.11	笠岡信用組合 笠信1500万円	普通預金.pdf	140Fg34UWrvdYC8Gjo1nr1WmmHXHOCnf3	2026-04-13T05:22:09	入金														笠信 長期借入金 1,500万円 R7.11 笠信 長期借入金 1,500万円 R7.11
2025/12/12	3448420	ﾌﾟﾚﾐｱ㈱ 津田崇貴様 ﾌﾟﾘｳｽ 86589 ﾌﾟﾚﾐｱ㈱ 津田崇貴様 ﾌﾟﾘｳｽ 86589			未照合	2025/12/01		普通預金		広島銀行② 車両	1643	1643				売掛金							2026/04/13 07:45:00	ﾌﾟﾚﾐｱ㈱ 津田崇貴様 ﾌﾟﾘｳｽ 86589 ﾌﾟﾚﾐｱ㈱ 津田崇貴様 ﾌﾟﾘｳｽ 86589	広島銀行② 車両	普通預金.pdf	140Fg34UWrvdYC8Gjo1nr1WmmHXHOCnf3	2026-04-13T05:22:09	入金														ﾌﾟﾚﾐｱ㈱ 津田崇貴様 ﾌﾟﾘｳｽ 86589 ﾌﾟﾚﾐｱ㈱ 津田崇貴様 ﾌﾟﾘｳｽ 86589
2025/12/15	92280	中銀ｶｰﾄﾞ JCB			未照合	2025/12/01		普通預金		中国銀行	1652	1652				諸口							2026/04/13 07:45:00	中銀ｶｰﾄﾞ JCB	中国銀行	普通預金.pdf	140Fg34UWrvdYC8Gjo1nr1WmmHXHOCnf3	2026-04-13T05:22:09	入金														中銀ｶｰﾄﾞ JCB
2025/12/15	617594	中銀ｶｰﾄﾞ VISA			未照合	2025/12/01		普通預金		中国銀行	1653	1653				諸口							2026/04/13 07:45:00	中銀ｶｰﾄﾞ VISA	中国銀行	普通預金.pdf	140Fg34UWrvdYC8Gjo1nr1WmmHXHOCnf3	2026-04-13T05:22:09	入金														中銀ｶｰﾄﾞ VISA
2025/12/15	37345	ｷﾑﾗﾕﾆﾃｨ㈱様 SB24274 ｷﾑﾗﾕﾆﾃｨ㈱様 SB24274			未照合	2025/12/01		普通預金		もみじ福山支店 整備	1654	1654				売掛金							2026/04/13 07:45:00	ｷﾑﾗﾕﾆﾃｨ㈱様 SB24274 ｷﾑﾗﾕﾆﾃｨ㈱様 SB24274	もみじ福山支店 整備	普通預金.pdf	140Fg34UWrvdYC8Gjo1nr1WmmHXHOCnf3	2026-04-13T05:22:09	入金														ｷﾑﾗﾕﾆﾃｨ㈱様 SB24274 ｷﾑﾗﾕﾆﾃｨ㈱様 SB24274
2025/12/15	169193	三井住友海上火災保険㈱ 代理店保険手			未照合	2025/12/01		普通預金		数料 数料 笠岡信用組合 CB 売内10	1657	1657				三井住友海上火災保険㈱ 代理店保険手 三井住友海上火災保険㈱ 代理店保険手 保険手数料							2026/04/13 07:45:00	三井住友海上火災保険㈱ 代理店保険手	数料 数料 笠岡信用組合 CB 売内10	普通預金.pdf	140Fg34UWrvdYC8Gjo1nr1WmmHXHOCnf3	2026-04-13T05:22:09	入金														三井住友海上火災保険㈱ 代理店保険手
2025/12/25	6925206	手形貸付 短期借入金 700万円 R7/12			未照合	2025/12/01		普通預金		/25～ /25～ 笠岡信用組合 笠信 700万	1934	1934				手形貸付 短期借入金 700万円 R7/12 手形貸付 短期借入金 700万円 R7/12 短期借入金							2026/04/13 07:45:00	手形貸付 短期借入金 700万円 R7/12	/25～ /25～ 笠岡信用組合 笠信 700万	普通預金.pdf	140Fg34UWrvdYC8Gjo1nr1WmmHXHOCnf3	2026-04-13T05:22:09	入金														手形貸付 短期借入金 700万円 R7/12
2025/12/29	473836	中銀ｶｰﾄﾞ VISA 中銀ｶｰﾄﾞ VISA 木村直路様 SB24298			未照合	2025/12/01		普通預金		中国銀行 整備	1806	1806				売掛金							2026/04/13 07:45:00	中銀ｶｰﾄﾞ VISA 中銀ｶｰﾄﾞ VISA 木村直路様 SB24298	中国銀行 整備	普通預金.pdf	140Fg34UWrvdYC8Gjo1nr1WmmHXHOCnf3	2026-04-13T05:22:09	入金														中銀ｶｰﾄﾞ VISA 中銀ｶｰﾄﾞ VISA 木村直路様 SB24298
2025/12/29	287236	中銀ｶｰﾄﾞ VISA			未照合	2025/12/01		普通預金		中国銀行	1807	1807				諸口							2026/04/13 07:45:00	中銀ｶｰﾄﾞ VISA	中国銀行	普通預金.pdf	140Fg34UWrvdYC8Gjo1nr1WmmHXHOCnf3	2026-04-13T05:22:09	入金														中銀ｶｰﾄﾞ VISA
2025/12/29	123207	中銀ｶｰﾄﾞ JCB 中銀ｶｰﾄﾞ JCB 中島美和様 SB23476			未照合	2025/12/01		普通預金		中国銀行 整備	1808	1808				売掛金							2026/04/13 07:45:00	中銀ｶｰﾄﾞ JCB 中銀ｶｰﾄﾞ JCB 中島美和様 SB23476	中国銀行 整備	普通預金.pdf	140Fg34UWrvdYC8Gjo1nr1WmmHXHOCnf3	2026-04-13T05:22:09	入金														中銀ｶｰﾄﾞ JCB 中銀ｶｰﾄﾞ JCB 中島美和様 SB23476
2025/12/30	73590	㈲三愛運輸様 SB24294 ㈲三愛運輸様 SB24294			未照合	2025/12/01		普通預金		もみじ福山支店 整備	1816	1816				売掛金							2026/04/13 07:45:00	㈲三愛運輸様 SB24294 ㈲三愛運輸様 SB24294	もみじ福山支店 整備	普通預金.pdf	140Fg34UWrvdYC8Gjo1nr1WmmHXHOCnf3	2026-04-13T05:22:09	入金														㈲三愛運輸様 SB24294 ㈲三愛運輸様 SB24294
2026/01/07	8572271	15,377,201 739			未照合	2026/01/01		普通預金		もみじ福山支店 車両	1844	1844				ｵﾘｺ(中川浩一 M/ｷﾞﾌﾞﾘ.ZAMYS57J001329 ｵﾘｺ(中川浩一 M/ｷﾞﾌﾞﾘ.ZAMYS57J001329 01/09 売掛金							2026/04/13 07:45:00	15,377,201 739	もみじ福山支店 車両	普通預金.pdf	140Fg34UWrvdYC8Gjo1nr1WmmHXHOCnf3	2026-04-13T05:22:09	入金														15,377,201 739
2026/01/07	5400000	㈱ｶｰｽﾞﾄﾞﾛｯﾌﾟｲﾝ CH3825 M/ﾚｳﾞｧﾝﾃ.ZN6			未照合	2026/01/01		普通預金		XU61C00X350311 XU61C00X350311 広島銀行② 車両	1873	1873				㈱ｶｰｽﾞﾄﾞﾛｯﾌﾟｲﾝ CH3825 M/ﾚｳﾞｧﾝﾃ.ZN6 ㈱ｶｰｽﾞﾄﾞﾛｯﾌﾟｲﾝ CH3825 M/ﾚｳﾞｧﾝﾃ.ZN6 01/12 売掛金							2026/04/13 07:45:00	㈱ｶｰｽﾞﾄﾞﾛｯﾌﾟｲﾝ CH3825 M/ﾚｳﾞｧﾝﾃ.ZN6	XU61C00X350311 XU61C00X350311 広島銀行② 車両	普通預金.pdf	140Fg34UWrvdYC8Gjo1nr1WmmHXHOCnf3	2026-04-13T05:22:09	入金														㈱ｶｰｽﾞﾄﾞﾛｯﾌﾟｲﾝ CH3825 M/ﾚｳﾞｧﾝﾃ.ZN6
2026/01/13	529738	平田啓郎 J/F-TYPE.SAJKC63H1FMK20562			未照合	2026/01/01		普通預金		広島銀行② その他	1880	1880				平田啓郎 J/F-TYPE.SAJKC63H1FMK20562 平田啓郎 J/F-TYPE.SAJKC63H1FMK20562 未収入金							2026/04/13 07:45:00	平田啓郎 J/F-TYPE.SAJKC63H1FMK20562	広島銀行② その他	普通預金.pdf	140Fg34UWrvdYC8Gjo1nr1WmmHXHOCnf3	2026-04-13T05:22:09	入金														平田啓郎 J/F-TYPE.SAJKC63H1FMK20562
2026/01/13	1065	中銀ｶｰﾄﾞ VISA 18,827,271			未照合	2026/01/01		普通預金		中国銀行 整備	1887	1887				中銀ｶｰﾄﾞ VISA 山陽ｾｰﾌﾃｨｻｰﾋﾞｽ様 SB 01/15 売掛金							2026/04/13 07:45:00	中銀ｶｰﾄﾞ VISA 18,827,271	中国銀行 整備	普通預金.pdf	140Fg34UWrvdYC8Gjo1nr1WmmHXHOCnf3	2026-04-13T05:22:09	入金														中銀ｶｰﾄﾞ VISA 18,827,271
2026/01/13	293737	中銀ｶｰﾄﾞ JCB			未照合	2026/01/01		普通預金		中国銀行	1888	1888				諸口							2026/04/13 07:45:00	中銀ｶｰﾄﾞ JCB	中国銀行	普通預金.pdf	140Fg34UWrvdYC8Gjo1nr1WmmHXHOCnf3	2026-04-13T05:22:09	入金														中銀ｶｰﾄﾞ JCB
2026/01/13	129606	該ｷﾑﾗﾕﾆﾃｨ㈱様 SB24275/24273 該ｷﾑﾗﾕﾆﾃｨ㈱様 SB24275/24273			未照合	2026/01/01		普通預金		もみじ福山支店 整備	1896	1896				売掛金							2026/04/13 07:45:00	該ｷﾑﾗﾕﾆﾃｨ㈱様 SB24275/24273 該ｷﾑﾗﾕﾆﾃｨ㈱様 SB24275/24273	もみじ福山支店 整備	普通預金.pdf	140Fg34UWrvdYC8Gjo1nr1WmmHXHOCnf3	2026-04-13T05:22:09	入金														該ｷﾑﾗﾕﾆﾃｨ㈱様 SB24275/24273 該ｷﾑﾗﾕﾆﾃｨ㈱様 SB24275/24273
2026/01/13	1000	広島県中古自動車JUｸﾚｼﾞｯﾄ ｵｰﾀﾑｷｬﾝﾍﾟｰ			未照合	2026/01/01		普通預金		ﾝ褒賞金 ﾝ褒賞金 中国銀行 その他 CB 売内10	1912	1912				広島県中古自動車JUｸﾚｼﾞｯﾄ ｵｰﾀﾑｷｬﾝﾍﾟｰ 広島県中古自動車JUｸﾚｼﾞｯﾄ ｵｰﾀﾑｷｬﾝﾍﾟｰ 雑収入							2026/04/13 07:45:00	広島県中古自動車JUｸﾚｼﾞｯﾄ ｵｰﾀﾑｷｬﾝﾍﾟｰ	ﾝ褒賞金 ﾝ褒賞金 中国銀行 その他 CB 売内10	普通預金.pdf	140Fg34UWrvdYC8Gjo1nr1WmmHXHOCnf3	2026-04-13T05:22:09	入金														広島県中古自動車JUｸﾚｼﾞｯﾄ ｵｰﾀﾑｷｬﾝﾍﾟｰ
2026/01/20	15976987	手形貸付 短期借入 1,600万円 R8/1/			未照合	2026/01/01		普通預金		21-R8/2/10 21-R8/2/10 笠岡信用組合 笠岡信用組合	1955	1955				手形貸付 短期借入 1,600万円 R8/1/ 手形貸付 短期借入 1,600万円 R8/1/ 01/21 短期借入金							2026/04/13 07:45:00	手形貸付 短期借入 1,600万円 R8/1/	21-R8/2/10 21-R8/2/10 笠岡信用組合 笠岡信用組合	普通預金.pdf	140Fg34UWrvdYC8Gjo1nr1WmmHXHOCnf3	2026-04-13T05:22:09	入金														手形貸付 短期借入 1,600万円 R8/1/
2026/01/20	51659	ｵﾘｺ ｷｯｸﾊﾞｯｸ ｵﾘｺ ｷｯｸﾊﾞｯｸ			未照合	2026/01/01		普通預金		もみじ福山支店 キックハ゛ ック1 CB 売内10	1960	1960				受取手数料							2026/04/13 07:45:00	ｵﾘｺ ｷｯｸﾊﾞｯｸ ｵﾘｺ ｷｯｸﾊﾞｯｸ	もみじ福山支店 キックハ゛ ック1 CB 売内10	普通預金.pdf	140Fg34UWrvdYC8Gjo1nr1WmmHXHOCnf3	2026-04-13T05:22:09	入金														ｵﾘｺ ｷｯｸﾊﾞｯｸ ｵﾘｺ ｷｯｸﾊﾞｯｸ
2026/01/20	135918	三井住友海上火災保険㈱ 代理店保険手			未照合	2026/01/01		普通預金		数料 数料 笠岡信用組合 CB 売内10	1961	1961				三井住友海上火災保険㈱ 代理店保険手 三井住友海上火災保険㈱ 代理店保険手 保険手数料							2026/04/13 07:45:00	三井住友海上火災保険㈱ 代理店保険手	数料 数料 笠岡信用組合 CB 売内10	普通預金.pdf	140Fg34UWrvdYC8Gjo1nr1WmmHXHOCnf3	2026-04-13T05:22:09	入金														三井住友海上火災保険㈱ 代理店保険手
2026/01/28	16816940	21,173,011 504			未照合	2026/01/01		普通預金		もみじ福山支店 車両	2029	2029				ｵﾘｺ 一真様 AMG/GT53.W1K2906612V000 ｵﾘｺ 一真様 AMG/GT53.W1K2906612V000 01/29 売掛金							2026/04/13 07:45:00	21,173,011 504	もみじ福山支店 車両	普通預金.pdf	140Fg34UWrvdYC8Gjo1nr1WmmHXHOCnf3	2026-04-13T05:22:09	入金														21,173,011 504
2026/01/28	2579586	㈱ｺﾝｸｴｽﾄ 12月分			未照合	2026/01/01		普通預金		広島銀行②	2046	2046				諸口							2026/04/13 07:45:00	㈱ｺﾝｸｴｽﾄ 12月分	広島銀行②	普通預金.pdf	140Fg34UWrvdYC8Gjo1nr1WmmHXHOCnf3	2026-04-13T05:22:09	入金														㈱ｺﾝｸｴｽﾄ 12月分
2026/01/28	7145050	ｵﾘｺ Jｺｰﾎﾟﾚｰｼｮﾝ様 CH3818 ﾚｸｻｽ/NX35			未照合	2026/01/01		普通預金		0h.AAZH20-1017539 0h.AAZH20-1017539 もみじ福山支店 車両	2074	2074				ｵﾘｺ Jｺｰﾎﾟﾚｰｼｮﾝ様 CH3818 ﾚｸｻｽ/NX35 ｵﾘｺ Jｺｰﾎﾟﾚｰｼｮﾝ様 CH3818 ﾚｸｻｽ/NX35 売掛金							2026/04/13 07:45:00	ｵﾘｺ Jｺｰﾎﾟﾚｰｼｮﾝ様 CH3818 ﾚｸｻｽ/NX35	0h.AAZH20-1017539 0h.AAZH20-1017539 もみじ福山支店 車両	普通預金.pdf	140Fg34UWrvdYC8Gjo1nr1WmmHXHOCnf3	2026-04-13T05:22:09	入金														ｵﾘｺ Jｺｰﾎﾟﾚｰｼｮﾝ様 CH3818 ﾚｸｻｽ/NX35
2026/02/01	150000	㈱橋本商事 (㈱A’crews) ㈱橋本商事 (㈱A’crews)			未照合	2026/02/01		普通預金		広島銀行② その他	2109	2109				売掛金							2026/04/13 07:45:00	㈱橋本商事 (㈱A’crews) ㈱橋本商事 (㈱A’crews)	広島銀行② その他	普通預金.pdf	140Fg34UWrvdYC8Gjo1nr1WmmHXHOCnf3	2026-04-13T05:22:09	入金														㈱橋本商事 (㈱A’crews) ㈱橋本商事 (㈱A’crews)
2026/02/05	6370188	プレミア㈱ 飛谷暁儀 プレミア㈱ 飛谷暁儀			未照合	2026/02/01		普通預金		広島銀行② 車両	2139	2139				売掛金							2026/04/13 07:45:00	プレミア㈱ 飛谷暁儀 プレミア㈱ 飛谷暁儀	広島銀行② 車両	普通預金.pdf	140Fg34UWrvdYC8Gjo1nr1WmmHXHOCnf3	2026-04-13T05:22:09	入金														プレミア㈱ 飛谷暁儀 プレミア㈱ 飛谷暁儀
2026/02/05	3880000	平田悠馬様 CH3821 ﾒﾙｾﾃﾞｽﾍﾞﾝﾂGLAｸﾗｽ			未照合	2026/02/01		普通預金		J234276 J234276 広島銀行② 車両	2140	2140				平田悠馬様 CH3821 ﾒﾙｾﾃﾞｽﾍﾞﾝﾂGLAｸﾗｽ 平田悠馬様 CH3821 ﾒﾙｾﾃﾞｽﾍﾞﾝﾂGLAｸﾗｽ 売掛金							2026/04/13 07:45:00	平田悠馬様 CH3821 ﾒﾙｾﾃﾞｽﾍﾞﾝﾂGLAｸﾗｽ	J234276 J234276 広島銀行② 車両	普通預金.pdf	140Fg34UWrvdYC8Gjo1nr1WmmHXHOCnf3	2026-04-13T05:22:09	入金														平田悠馬様 CH3821 ﾒﾙｾﾃﾞｽﾍﾞﾝﾂGLAｸﾗｽ
2026/02/06	34497840	㈱一条工務店広島 ㈱一条工務店広島			未照合	2026/02/01		普通預金		広島銀行② 車両	2158	2158				売掛金							2026/04/13 07:45:00	㈱一条工務店広島 ㈱一条工務店広島	広島銀行② 車両	普通預金.pdf	140Fg34UWrvdYC8Gjo1nr1WmmHXHOCnf3	2026-04-13T05:22:09	入金														㈱一条工務店広島 ㈱一条工務店広島
2026/02/06	7000000	㈱ｶｰｽﾞﾄﾞﾛｯﾌﾟｲﾝ様 CH3830 ﾒﾙｾﾃﾞｽﾍﾞﾝﾂ			未照合	2026/02/01		普通預金		Sｸﾗｽ A139313 Sｸﾗｽ A139313 広島銀行② 車両	2173	2173				㈱ｶｰｽﾞﾄﾞﾛｯﾌﾟｲﾝ様 CH3830 ﾒﾙｾﾃﾞｽﾍﾞﾝﾂ ㈱ｶｰｽﾞﾄﾞﾛｯﾌﾟｲﾝ様 CH3830 ﾒﾙｾﾃﾞｽﾍﾞﾝﾂ 売掛金							2026/04/13 07:45:00	㈱ｶｰｽﾞﾄﾞﾛｯﾌﾟｲﾝ様 CH3830 ﾒﾙｾﾃﾞｽﾍﾞﾝﾂ	Sｸﾗｽ A139313 Sｸﾗｽ A139313 広島銀行② 車両	普通預金.pdf	140Fg34UWrvdYC8Gjo1nr1WmmHXHOCnf3	2026-04-13T05:22:09	入金														㈱ｶｰｽﾞﾄﾞﾛｯﾌﾟｲﾝ様 CH3830 ﾒﾙｾﾃﾞｽﾍﾞﾝﾂ
2026/02/10	5252398	31,272,143 251			未照合	2026/02/01		普通預金		広島銀行② 車両	2200	2200				平田啓郎様 ｱｳﾃﾞｨRS5ｽﾎﾟｰﾂﾊﾞｯｸ RA901 平田啓郎様 ｱｳﾃﾞｨRS5ｽﾎﾟｰﾂﾊﾞｯｸ RA901 買掛金							2026/04/13 07:45:00	31,272,143 251	広島銀行② 車両	普通預金.pdf	140Fg34UWrvdYC8Gjo1nr1WmmHXHOCnf3	2026-04-13T05:22:09	入金														31,272,143 251
2026/02/12	266516	プレミア㈱ 難波未来 CH3822			未照合	2026/02/01		普通預金		広島銀行②	2201	2201				諸口							2026/04/13 07:45:00	プレミア㈱ 難波未来 CH3822	広島銀行②	普通預金.pdf	140Fg34UWrvdYC8Gjo1nr1WmmHXHOCnf3	2026-04-13T05:22:09	入金														プレミア㈱ 難波未来 CH3822
2026/02/12	2085875	三井住友海上火災保険㈱ SB24019 村			未照合	2026/02/01		普通預金		上裕二様 上裕二様 広島銀行② 整備	2202	2202				三井住友海上火災保険㈱ SB24019 村 三井住友海上火災保険㈱ SB24019 村 売掛金							2026/04/13 07:45:00	三井住友海上火災保険㈱ SB24019 村	上裕二様 上裕二様 広島銀行② 整備	普通預金.pdf	140Fg34UWrvdYC8Gjo1nr1WmmHXHOCnf3	2026-04-13T05:22:09	入金														三井住友海上火災保険㈱ SB24019 村
2026/02/12	8900000	㈱ｶｰｽﾞﾄﾞﾛｯﾌﾟｲﾝ CH3832 ｱｳﾃﾞｨRS5SB			未照合	2026/02/01		普通預金		RA901251 RA901251 広島銀行② 車両	2227	2227				㈱ｶｰｽﾞﾄﾞﾛｯﾌﾟｲﾝ CH3832 ｱｳﾃﾞｨRS5SB ㈱ｶｰｽﾞﾄﾞﾛｯﾌﾟｲﾝ CH3832 ｱｳﾃﾞｨRS5SB 売掛金							2026/04/13 07:45:00	㈱ｶｰｽﾞﾄﾞﾛｯﾌﾟｲﾝ CH3832 ｱｳﾃﾞｨRS5SB	RA901251 RA901251 広島銀行② 車両	普通預金.pdf	140Fg34UWrvdYC8Gjo1nr1WmmHXHOCnf3	2026-04-13T05:22:09	入金														㈱ｶｰｽﾞﾄﾞﾛｯﾌﾟｲﾝ CH3832 ｱｳﾃﾞｨRS5SB
2026/02/13	170330	富士生命 （2025/12/29返却分） 富士生命 （2025/12/29返却分）			未照合	2026/02/01		普通預金		笠岡信用組合 ＦＷＤ富士生命 本社	2235	2235				支払保険料							2026/04/13 07:45:00	富士生命 （2025/12/29返却分） 富士生命 （2025/12/29返却分）	笠岡信用組合 ＦＷＤ富士生命 本社	普通預金.pdf	140Fg34UWrvdYC8Gjo1nr1WmmHXHOCnf3	2026-04-13T05:22:09	入金														富士生命 （2025/12/29返却分） 富士生命 （2025/12/29返却分）
2026/02/16	900	受取利息 受取利息			未照合	2026/02/01		普通預金		中国銀行 預金利息12 本社 売非課税	2266	2266				受取利息							2026/04/13 07:45:00	受取利息 受取利息	中国銀行 預金利息12 本社 売非課税	普通預金.pdf	140Fg34UWrvdYC8Gjo1nr1WmmHXHOCnf3	2026-04-13T05:22:09	入金														受取利息 受取利息
2026/02/16	623025	中銀ｶｰﾄﾞ VISA 岡森信介様 SB24405 中銀ｶｰﾄﾞ VISA 岡森信介様 SB24405			未照合	2026/02/01		普通預金		中国銀行 整備	2267	2267				売掛金							2026/04/13 07:45:00	中銀ｶｰﾄﾞ VISA 岡森信介様 SB24405 中銀ｶｰﾄﾞ VISA 岡森信介様 SB24405	中国銀行 整備	普通預金.pdf	140Fg34UWrvdYC8Gjo1nr1WmmHXHOCnf3	2026-04-13T05:22:09	入金														中銀ｶｰﾄﾞ VISA 岡森信介様 SB24405 中銀ｶｰﾄﾞ VISA 岡森信介様 SB24405
2026/02/16	273541	中銀ｶｰﾄﾞ JCB 金尾恵太 北村英俊			未照合	2026/02/01		普通預金		野沢健 中国銀行	2268	2268				中銀ｶｰﾄﾞ JCB 金尾恵太 北村英俊 諸口							2026/04/13 07:45:00	中銀ｶｰﾄﾞ JCB 金尾恵太 北村英俊	野沢健 中国銀行	普通預金.pdf	140Fg34UWrvdYC8Gjo1nr1WmmHXHOCnf3	2026-04-13T05:22:09	入金														中銀ｶｰﾄﾞ JCB 金尾恵太 北村英俊
2026/02/16	2551	受取利息 受取利息			未照合	2026/02/01		普通預金		もみじ福山支店 預金利息12 本社 売非課税	2269	2269				受取利息							2026/04/13 07:45:00	受取利息 受取利息	もみじ福山支店 預金利息12 本社 売非課税	普通預金.pdf	140Fg34UWrvdYC8Gjo1nr1WmmHXHOCnf3	2026-04-13T05:22:09	入金														受取利息 受取利息
2026/02/16	2200	ｷﾑﾗﾕﾆﾃｨ㈱様 SB24401 ｷﾑﾗﾕﾆﾃｨ㈱様 SB24401			未照合	2026/02/01		普通預金		もみじ福山支店 整備	2270	2270				売掛金							2026/04/13 07:45:00	ｷﾑﾗﾕﾆﾃｨ㈱様 SB24401 ｷﾑﾗﾕﾆﾃｨ㈱様 SB24401	もみじ福山支店 整備	普通預金.pdf	140Fg34UWrvdYC8Gjo1nr1WmmHXHOCnf3	2026-04-13T05:22:09	入金														ｷﾑﾗﾕﾆﾃｨ㈱様 SB24401 ｷﾑﾗﾕﾆﾃｨ㈱様 SB24401
2026/02/16	155404	三井住友海上火災保険㈱ 代理店保険手			未照合	2026/02/01		普通預金		数料 数料 笠岡信用組合 CB 売内10	2286	2286				三井住友海上火災保険㈱ 代理店保険手 三井住友海上火災保険㈱ 代理店保険手 02/17 保険手数料							2026/04/13 07:45:00	三井住友海上火災保険㈱ 代理店保険手	数料 数料 笠岡信用組合 CB 売内10	普通預金.pdf	140Fg34UWrvdYC8Gjo1nr1WmmHXHOCnf3	2026-04-13T05:22:09	入金														三井住友海上火災保険㈱ 代理店保険手
2026/02/20	254857	ｵﾘｺ ｷｯｸﾊﾞｯｸ ｵﾘｺ ｷｯｸﾊﾞｯｸ			未照合	2026/02/01		普通預金		もみじ福山支店 キックハ゛ ック1 CB 売内10	2463	2463				受取手数料							2026/04/13 07:45:00	ｵﾘｺ ｷｯｸﾊﾞｯｸ ｵﾘｺ ｷｯｸﾊﾞｯｸ	もみじ福山支店 キックハ゛ ック1 CB 売内10	普通預金.pdf	140Fg34UWrvdYC8Gjo1nr1WmmHXHOCnf3	2026-04-13T05:22:09	入金														ｵﾘｺ ｷｯｸﾊﾞｯｸ ｵﾘｺ ｷｯｸﾊﾞｯｸ
2026/02/22	9765	三井住友海上日動火災保険㈱ 自賠責			未照合	2026/02/01		普通預金		社用車ｸﾗｳﾝ(R8/3/15～R9/3/15） 社用車ｸﾗｳﾝ(R8/3/15～R9/3/15） 広島銀行② その他	2321	2321				三井住友海上日動火災保険㈱ 自賠責 三井住友海上日動火災保険㈱ 自賠責 02/24 立替金							2026/04/13 07:45:00	三井住友海上日動火災保険㈱ 自賠責	社用車ｸﾗｳﾝ(R8/3/15～R9/3/15） 社用車ｸﾗｳﾝ(R8/3/15～R9/3/15） 広島銀行② その他	普通預金.pdf	140Fg34UWrvdYC8Gjo1nr1WmmHXHOCnf3	2026-04-13T05:22:09	入金														三井住友海上日動火災保険㈱ 自賠責
2026/02/22	61	決算利息 決算利息			未照合	2026/02/01		普通預金		広島信用金庫 預金利息12 本社 売非課税	2327	2327				受取利息							2026/04/13 07:45:00	決算利息 決算利息	広島信用金庫 預金利息12 本社 売非課税	普通預金.pdf	140Fg34UWrvdYC8Gjo1nr1WmmHXHOCnf3	2026-04-13T05:22:09	入金														決算利息 決算利息
2026/02/27	10621880	㈱ｺﾝｸｴｽﾄ LR/RR.SALGA2AK8NA466843 ㈱ｺﾝｸｴｽﾄ LR/RR.SALGA2AK8NA466843			未照合	2026/02/01		普通預金		広島銀行② コンクエストJ&R	2342	2342				売掛金							2026/04/13 07:45:00	㈱ｺﾝｸｴｽﾄ LR/RR.SALGA2AK8NA466843 ㈱ｺﾝｸｴｽﾄ LR/RR.SALGA2AK8NA466843	広島銀行② コンクエストJ&R	普通預金.pdf	140Fg34UWrvdYC8Gjo1nr1WmmHXHOCnf3	2026-04-13T05:22:09	入金														㈱ｺﾝｸｴｽﾄ LR/RR.SALGA2AK8NA466843 ㈱ｺﾝｸｴｽﾄ LR/RR.SALGA2AK8NA466843
2026/02/27	768002	中銀ｶｰﾄﾞ VISA			未照合	2026/02/01		普通預金		中国銀行	2346	2346				諸口							2026/04/13 07:45:00	中銀ｶｰﾄﾞ VISA	中国銀行	普通預金.pdf	140Fg34UWrvdYC8Gjo1nr1WmmHXHOCnf3	2026-04-13T05:22:09	入金														中銀ｶｰﾄﾞ VISA
2026/02/27	184049	中銀ｶｰﾄﾞ JCB			未照合	2026/02/01		普通預金		中国銀行	2347	2347				諸口							2026/04/13 07:45:00	中銀ｶｰﾄﾞ JCB	中国銀行	普通預金.pdf	140Fg34UWrvdYC8Gjo1nr1WmmHXHOCnf3	2026-04-13T05:22:09	入金														中銀ｶｰﾄﾞ JCB
2026/02/27	66660	㈲ﾕﾅｲﾃｯﾄﾞｸﾛｰﾊﾞｰｽ様 SB24441 ㈲ﾕﾅｲﾃｯﾄﾞｸﾛｰﾊﾞｰｽ様 SB24441			未照合	2026/02/01		普通預金		中国銀行 整備	2349	2349				売掛金							2026/04/13 07:45:00	㈲ﾕﾅｲﾃｯﾄﾞｸﾛｰﾊﾞｰｽ様 SB24441 ㈲ﾕﾅｲﾃｯﾄﾞｸﾛｰﾊﾞｰｽ様 SB24441	中国銀行 整備	普通預金.pdf	140Fg34UWrvdYC8Gjo1nr1WmmHXHOCnf3	2026-04-13T05:22:09	入金														㈲ﾕﾅｲﾃｯﾄﾞｸﾛｰﾊﾞｰｽ様 SB24441 ㈲ﾕﾅｲﾃｯﾄﾞｸﾛｰﾊﾞｰｽ様 SB24441
2026/02/27	180442	㈱ｺﾝｸｴｽﾄ 1月分			未照合	2026/02/01		普通預金		広島銀行②	2427	2427				諸口							2026/04/13 07:45:00	㈱ｺﾝｸｴｽﾄ 1月分	広島銀行②	普通預金.pdf	140Fg34UWrvdYC8Gjo1nr1WmmHXHOCnf3	2026-04-13T05:22:09	入金														㈱ｺﾝｸｴｽﾄ 1月分
2026/02/28	500000	㈱ﾈｵｸﾞﾘｯﾄ様 ZN6CW82C007437795 ㈱ﾈｵｸﾞﾘｯﾄ様 ZN6CW82C007437795			未照合	2026/02/01		普通預金		広島銀行② その他	2411	2411				前受金							2026/04/13 07:45:00	㈱ﾈｵｸﾞﾘｯﾄ様 ZN6CW82C007437795 ㈱ﾈｵｸﾞﾘｯﾄ様 ZN6CW82C007437795	広島銀行② その他	普通預金.pdf	140Fg34UWrvdYC8Gjo1nr1WmmHXHOCnf3	2026-04-13T05:22:09	入金														㈱ﾈｵｸﾞﾘｯﾄ様 ZN6CW82C007437795 ㈱ﾈｵｸﾞﾘｯﾄ様 ZN6CW82C007437795
2026/03/02	8000000	14,371,912 006754			未照合	2026/03/01		普通預金		広島銀行② 車両	2419	2419				齋藤誠様 ﾍﾞﾝﾄﾚｰｺﾝﾁﾈﾝﾀﾙ AzureV8 PC 齋藤誠様 ﾍﾞﾝﾄﾚｰｺﾝﾁﾈﾝﾀﾙ AzureV8 PC 03/03 売掛金							2026/04/13 07:45:00	14,371,912 006754	広島銀行② 車両	普通預金.pdf	140Fg34UWrvdYC8Gjo1nr1WmmHXHOCnf3	2026-04-13T05:22:09	入金														14,371,912 006754
2026/03/09	3026	笠信 決算利息 笠信 決算利息			未照合	2026/03/01		普通預金		笠岡信用組合 預金利息12 本社 売非課税	2465	2465				受取利息							2026/04/13 07:45:00	笠信 決算利息 笠信 決算利息	笠岡信用組合 預金利息12 本社 売非課税	普通預金.pdf	140Fg34UWrvdYC8Gjo1nr1WmmHXHOCnf3	2026-04-13T05:22:09	入金														笠信 決算利息 笠信 決算利息
2026/03/09	3754	広銀 受取利息 広銀 受取利息			未照合	2026/03/01		普通預金		広島銀行② 預金利息12 本社 売非課税	2467	2467				受取利息							2026/04/13 07:45:00	広銀 受取利息 広銀 受取利息	広島銀行② 預金利息12 本社 売非課税	普通預金.pdf	140Fg34UWrvdYC8Gjo1nr1WmmHXHOCnf3	2026-04-13T05:22:09	入金														広銀 受取利息 広銀 受取利息
2026/03/09	3000000	該当なし カ)ブリツジ 該当なし カ)ブリツジ			未照合	2026/03/01		普通預金		笠岡信用組合	2481	2481				諸口							2026/04/13 07:45:00	該当なし カ)ブリツジ 該当なし カ)ブリツジ	笠岡信用組合	普通預金.pdf	140Fg34UWrvdYC8Gjo1nr1WmmHXHOCnf3	2026-04-13T05:22:09	入金														該当なし カ)ブリツジ 該当なし カ)ブリツジ
2026/03/10	150000	㈱橋本商事 (㈱A’crews) ㈱橋本商事 (㈱A’crews)			未照合	2026/03/01		普通預金		広島銀行② その他	2509	2509				売掛金							2026/04/13 07:45:00	㈱橋本商事 (㈱A’crews) ㈱橋本商事 (㈱A’crews)	広島銀行② その他	普通預金.pdf	140Fg34UWrvdYC8Gjo1nr1WmmHXHOCnf3	2026-04-13T05:22:09	入金														㈱橋本商事 (㈱A’crews) ㈱橋本商事 (㈱A’crews)
2026/03/10	32676781	手形貸付 短期借入 3,300万円 R8/3/			未照合	2026/03/01		普通預金		11-R8/7/31 11-R8/7/31 笠岡信用組合 笠信 3,300万	2590	2590				手形貸付 短期借入 3,300万円 R8/3/ 手形貸付 短期借入 3,300万円 R8/3/ 03/11 短期借入金							2026/04/13 07:45:00	手形貸付 短期借入 3,300万円 R8/3/	11-R8/7/31 11-R8/7/31 笠岡信用組合 笠信 3,300万	普通預金.pdf	140Fg34UWrvdYC8Gjo1nr1WmmHXHOCnf3	2026-04-13T05:22:09	入金														手形貸付 短期借入 3,300万円 R8/3/
2026/03/12	401860	㈱ｶｰｽﾞﾄﾞﾛｯﾌﾟｲﾝ MB/Gｸﾗｽ.W1N4653102X0			未照合	2026/03/01		普通預金		広島銀行② 車両	2530	2530				㈱ｶｰｽﾞﾄﾞﾛｯﾌﾟｲﾝ MB/Gｸﾗｽ.W1N4653102X0 ㈱ｶｰｽﾞﾄﾞﾛｯﾌﾟｲﾝ MB/Gｸﾗｽ.W1N4653102X0 売掛金							2026/04/13 07:45:00	㈱ｶｰｽﾞﾄﾞﾛｯﾌﾟｲﾝ MB/Gｸﾗｽ.W1N4653102X0	広島銀行② 車両	普通預金.pdf	140Fg34UWrvdYC8Gjo1nr1WmmHXHOCnf3	2026-04-13T05:22:09	入金														㈱ｶｰｽﾞﾄﾞﾛｯﾌﾟｲﾝ MB/Gｸﾗｽ.W1N4653102X0
2026/03/12	380712	中銀ｶｰﾄﾞ JCB			未照合	2026/03/01		普通預金		SB24431 中国銀行 整備	2565	2565				中銀ｶｰﾄﾞ JCB ㈱ｱｸｾ 高垣圭一朗様 03/16 売掛金							2026/04/13 07:45:00	中銀ｶｰﾄﾞ JCB	SB24431 中国銀行 整備	普通預金.pdf	140Fg34UWrvdYC8Gjo1nr1WmmHXHOCnf3	2026-04-13T05:22:09	入金														中銀ｶｰﾄﾞ JCB
2026/03/12	117612	中銀ｶｰﾄﾞ VISA			未照合	2026/03/01		普通預金		中国銀行	2566	2566				諸口							2026/04/13 07:45:00	中銀ｶｰﾄﾞ VISA	中国銀行	普通預金.pdf	140Fg34UWrvdYC8Gjo1nr1WmmHXHOCnf3	2026-04-13T05:22:09	入金														中銀ｶｰﾄﾞ VISA
2026/03/12	194799	三井住友海上火災保険㈱ 代理店保険手			未照合	2026/03/01		普通預金		数料 数料 笠岡信用組合 CB 売内10	2567	2567				三井住友海上火災保険㈱ 代理店保険手 三井住友海上火災保険㈱ 代理店保険手 保険手数料							2026/04/13 07:45:00	三井住友海上火災保険㈱ 代理店保険手	数料 数料 笠岡信用組合 CB 売内10	普通預金.pdf	140Fg34UWrvdYC8Gjo1nr1WmmHXHOCnf3	2026-04-13T05:22:09	入金														三井住友海上火災保険㈱ 代理店保険手
2026/03/18	9283350	ﾌﾟﾚﾐｱ㈱ 斎藤誠様 ﾍﾞﾝﾄﾚｰｺﾝﾁﾈﾝﾀﾙ 3P			未照合	2026/03/01		普通預金		C006754 C006754 広島銀行② 車両	2575	2575				ﾌﾟﾚﾐｱ㈱ 斎藤誠様 ﾍﾞﾝﾄﾚｰｺﾝﾁﾈﾝﾀﾙ 3P ﾌﾟﾚﾐｱ㈱ 斎藤誠様 ﾍﾞﾝﾄﾚｰｺﾝﾁﾈﾝﾀﾙ 3P 売掛金							2026/04/13 07:45:00	ﾌﾟﾚﾐｱ㈱ 斎藤誠様 ﾍﾞﾝﾄﾚｰｺﾝﾁﾈﾝﾀﾙ 3P	C006754 C006754 広島銀行② 車両	普通預金.pdf	140Fg34UWrvdYC8Gjo1nr1WmmHXHOCnf3	2026-04-13T05:22:09	入金														ﾌﾟﾚﾐｱ㈱ 斎藤誠様 ﾍﾞﾝﾄﾚｰｺﾝﾁﾈﾝﾀﾙ 3P
2026/03/24	9882700	小俣英夫様 Grecale Trofeo 小俣英夫様 Grecale Trofeo			未照合	2026/03/01		普通預金		広島銀行②	2613	2613				仮受金							2026/04/13 07:45:00	小俣英夫様 Grecale Trofeo 小俣英夫様 Grecale Trofeo	広島銀行②	普通預金.pdf	140Fg34UWrvdYC8Gjo1nr1WmmHXHOCnf3	2026-04-13T05:22:09	入金														小俣英夫様 Grecale Trofeo 小俣英夫様 Grecale Trofeo
2026/03/25	300000	職業安定所助成金（藤本吉則さん分） 職業安定所助成金（藤本吉則さん分）			未照合	2026/03/01		普通預金		笠岡信用組合 その他 本社 対象外	2611	2611				雑収入							2026/04/13 07:45:00	職業安定所助成金（藤本吉則さん分） 職業安定所助成金（藤本吉則さん分）	笠岡信用組合 その他 本社 対象外	普通預金.pdf	140Fg34UWrvdYC8Gjo1nr1WmmHXHOCnf3	2026-04-13T05:22:09	入金														職業安定所助成金（藤本吉則さん分） 職業安定所助成金（藤本吉則さん分）
2026/03/26	69041	手形貸付 短期借入 3,300万円 R8/3/ 戻し利息 手形貸付 短期借入 3,300			未照合	2026/03/01		普通預金		28-R8/7/31 万円 R8/3/28-R8/7/31 笠岡信用組合 支払利息34 本社	2636	2636				手形貸付 短期借入 3,300万円 R8/3/ 戻し利息 手形貸付 短期借入 3,300 支払利息							2026/04/13 07:45:00	手形貸付 短期借入 3,300万円 R8/3/ 戻し利息 手形貸付 短期借入 3,300	28-R8/7/31 万円 R8/3/28-R8/7/31 笠岡信用組合 支払利息34 本社	普通預金.pdf	140Fg34UWrvdYC8Gjo1nr1WmmHXHOCnf3	2026-04-13T05:22:09	入金														手形貸付 短期借入 3,300万円 R8/3/ 戻し利息 手形貸付 短期借入 3,300
2026/03/30	2000000	該当なし カ)ブリツジ 該当なし カ)ブリツジ			未照合	2026/03/01		普通預金		中国銀行	2675	2675				諸口							2026/04/13 07:45:00	該当なし カ)ブリツジ 該当なし カ)ブリツジ	中国銀行	普通預金.pdf	140Fg34UWrvdYC8Gjo1nr1WmmHXHOCnf3	2026-04-13T05:22:09	入金														該当なし カ)ブリツジ 該当なし カ)ブリツジ
2026/03/30	1000000	該当なし カ)ブリツジ 該当なし カ)ブリツジ			未照合	2026/03/01		普通預金		中国銀行	2681	2681				諸口							2026/04/13 07:45:00	該当なし カ)ブリツジ 該当なし カ)ブリツジ	中国銀行	普通預金.pdf	140Fg34UWrvdYC8Gjo1nr1WmmHXHOCnf3	2026-04-13T05:22:09	入金														該当なし カ)ブリツジ 該当なし カ)ブリツジ
2026/03/31	1457088	該当なし カ)コンクエスト 該当なし カ)コンクエスト			未照合	2026/03/01		普通預金		広島銀行②	2696	2696				諸口							2026/04/13 07:45:00	該当なし カ)コンクエスト 該当なし カ)コンクエスト	広島銀行②	普通預金.pdf	140Fg34UWrvdYC8Gjo1nr1WmmHXHOCnf3	2026-04-13T05:22:09	入金														該当なし カ)コンクエスト 該当なし カ)コンクエスト
2026/03/31	258698	該当なし チユウギンカードJCB 該当なし チユウギンカードJCB			未照合	2026/03/01		普通預金		中国銀行	2701	2701				諸口							2026/04/13 07:45:00	該当なし チユウギンカードJCB 該当なし チユウギンカードJCB	中国銀行	普通預金.pdf	140Fg34UWrvdYC8Gjo1nr1WmmHXHOCnf3	2026-04-13T05:22:09	入金														該当なし チユウギンカードJCB 該当なし チユウギンカードJCB
2026/03/31	508157	該当なし チユウギンカードVIS 該当なし チユウギンカードVIS			未照合	2026/03/01		普通預金		中国銀行	2702	2702				諸口							2026/04/13 07:45:00	該当なし チユウギンカードVIS 該当なし チユウギンカードVIS	中国銀行	普通預金.pdf	140Fg34UWrvdYC8Gjo1nr1WmmHXHOCnf3	2026-04-13T05:22:09	入金														該当なし チユウギンカードVIS 該当なし チユウギンカードVIS
2026/04/01	66850	該当なし カ)ナルネットコミュニケーションズ			未照合	2026/04/01		普通預金		広島(蔵王)	2700	2700				諸口							2026/04/13 07:45:00	該当なし カ)ナルネットコミュニケーションズ	広島(蔵王)	総勘定元帳.pdf	1tNncohzygqpPZSJ7uB49WdhZJACRN2aW	2026-04-13T05:22:10	入金														該当なし カ)ナルネットコミュニケーションズ
2026/04/02	27280	(有)ナイガイグローバーベース様 SB24484			未照合	2026/04/01		普通預金		広島(蔵王) 整備	2707	2707				売掛金							2026/04/13 07:45:00	(有)ナイガイグローバーベース様 SB24484	広島(蔵王) 整備	総勘定元帳.pdf	1tNncohzygqpPZSJ7uB49WdhZJACRN2aW	2026-04-13T05:22:10	入金														(有)ナイガイグローバーベース様 SB24484
2026/04/03	70000	該当なし トウキョウカイジョウニチド 4322			未照合	2026/04/01		普通預金		広島(蔵王)	2722	2722				諸口							2026/04/13 07:45:00	該当なし トウキョウカイジョウニチド 4322	広島(蔵王)	総勘定元帳.pdf	1tNncohzygqpPZSJ7uB49WdhZJACRN2aW	2026-04-13T05:22:10	入金														該当なし トウキョウカイジョウニチド 4322
2026/04/06	99000	安保雅文様 SB24521			未照合	2026/04/01		普通預金		広島(蔵王) 整備	2741	2741				売掛金							2026/04/13 07:45:00	安保雅文様 SB24521	広島(蔵王) 整備	総勘定元帳4.9.2.pdf	1zBnVnFk2_NrcMNTM2q_4Nq1sRPq3sH65	2026-04-13T05:22:10	入金														安保雅文様 SB24521
2026/04/07	1150000	該当なし ミツイスミトモカイジョウB			未照合	2026/04/01		普通預金		広島(蔵王)	2746	2746				諸口							2026/04/13 07:45:00	該当なし ミツイスミトモカイジョウB	広島(蔵王)	総勘定元帳4.9.2.pdf	1zBnVnFk2_NrcMNTM2q_4Nq1sRPq3sH65	2026-04-13T05:22:10	入金														該当なし ミツイスミトモカイジョウB
2026/04/08	302670	該当なし サンエイセキユ(カ			未照合	2026/04/01		普通預金		広島(蔵王)	2747	2747				諸口							2026/04/13 07:45:00	該当なし サンエイセキユ(カ	広島(蔵王)	総勘定元帳4.9.2.pdf	1zBnVnFk2_NrcMNTM2q_4Nq1sRPq3sH65	2026-04-13T05:22:10	入金														該当なし サンエイセキユ(カ
2026/04/09	150000	㈱橋本商事 (㈱A' crews)			未照合	2026/04/01		普通預金		広島銀行② その他	2758	2758				売掛金							2026/04/13 07:45:00	㈱橋本商事 (㈱A' crews)	広島銀行② その他	総勘定元帳4.10.1.pdf	1_zb2ubeaVHY3bbRQ7OQS0oc9PKNIV8jS	2026-04-13T05:22:10	入金														㈱橋本商事 (㈱A' crews)
2026/04/09	25000	土肥良太郎様 CH3536			未照合	2026/04/01		普通預金		広島(蔵王) 土肥良太郎	2779	2779				売掛金							2026/04/13 07:45:00	土肥良太郎様 CH3536	広島(蔵王) 土肥良太郎	総勘定元帳4.10.2.pdf	15W6up1_VqXgUa3yv124cSQDtCBSVedGo	2026-04-13T05:22:10	入金														土肥良太郎様 CH3536
2026/04/10	159158	該当なし プレミア(カ			未照合	2026/04/01		普通預金		広島銀行②	2767	2767				売掛金							2026/04/13 07:45:00	該当なし プレミア(カ	広島銀行②	総勘定元帳4.10.1.pdf	1_zb2ubeaVHY3bbRQ7OQS0oc9PKNIV8jS	2026-04-13T05:22:10	入金														該当なし プレミア(カ
2026/04/10	79577	該当なし プレミア(カ			未照合	2026/04/01		普通預金		広島銀行②	2768	2768				売掛金							2026/04/13 07:45:00	該当なし プレミア(カ	広島銀行②	総勘定元帳4.10.1.pdf	1_zb2ubeaVHY3bbRQ7OQS0oc9PKNIV8jS	2026-04-13T05:22:10	入金														該当なし プレミア(カ
2026/04/10	104643	㈱ウェルテック様 SB24486			未照合	2026/04/01		普通預金		広島(蔵王) 整備	2771	2771				売掛金							2026/04/13 07:45:00	㈱ウェルテック様 SB24486	広島(蔵王) 整備	総勘定元帳4.10.2.pdf	15W6up1_VqXgUa3yv124cSQDtCBSVedGo	2026-04-13T05:22:10	入金														㈱ウェルテック様 SB24486
2026/04/10	57700	(有)ユグ・レイ様 SB24548/24461			未照合	2026/04/01		普通預金		広島(蔵王)	2772	2772				売掛金							2026/04/13 07:45:00	(有)ユグ・レイ様 SB24548/24461	広島(蔵王)	総勘定元帳4.10.2.pdf	15W6up1_VqXgUa3yv124cSQDtCBSVedGo	2026-04-13T05:22:10	入金														(有)ユグ・レイ様 SB24548/24461
