2025/06/16	73547	中銀力-卜JCB有xM樣SB23827			未照合	2025/06/01		諸口		中銀力-卜JCB有xM樣SB23827	11	11				諸口							2026/04/13 02:00:00	中銀力-卜JCB有xM樣SB23827		普通預金.pdf	140Fg34UWrvdYC8Gjo1nr1WmmHXHOCnf3	2026-04-12 22:39:11	入金														中銀力-卜JCB有xM樣SB23827
2025/06/16	138826	三井住友海上火炎保院滕代理店保院手 数料			未照合	2025/06/01		諸口		三井住友海上火炎保院滕代理店保院手 数料	88	88				諸口							2026/04/13 02:00:00	三井住友海上火炎保院滕代理店保院手 数料	笠网信用組合 CB 壳内10	普通預金.pdf	140Fg34UWrvdYC8Gjo1nr1WmmHXHOCnf3	2026-04-12 22:39:11	入金														三井住友海上火炎保院滕代理店保院手 数料
2025/06/16	463494	中銀- VISA			未照合	2025/06/01		諸口		中銀- VISA	90	90				諸口							2026/04/13 02:00:00	中銀- VISA	中国銀行	普通預金.pdf	140Fg34UWrvdYC8Gjo1nr1WmmHXHOCnf3	2026-04-12 22:39:11	入金														中銀- VISA
2025/06/16	42680	二樣SB23815			未照合	2025/06/01		諸口		二樣SB23815	91	91				諸口							2026/04/13 02:00:00	二樣SB23815	福山支店	普通預金.pdf	140Fg34UWrvdYC8Gjo1nr1WmmHXHOCnf3	2026-04-12 22:39:11	入金														二樣SB23815
2025/06/17	31808	東京海上日動代理店保除手数料			未照合	2025/06/01		諸口		東京海上日動代理店保除手数料	104	104				諸口							2026/04/13 02:00:00	東京海上日動代理店保除手数料	中国銀行	普通預金.pdf	140Fg34UWrvdYC8Gjo1nr1WmmHXHOCnf3	2026-04-12 22:39:11	入金														東京海上日動代理店保除手数料
2025/06/18	1592	信配当金 出资			未照合	2025/06/01		諸口		信配当金 出资	21	21				諸口							2026/04/13 02:00:00	信配当金 出资		普通預金.pdf	140Fg34UWrvdYC8Gjo1nr1WmmHXHOCnf3	2026-04-12 22:39:11	入金														信配当金 出资
2025/06/23	4775	笠信 出资配当			未照合	2025/06/01		諸口		笠信 出资配当	41	41				諸口							2026/04/13 02:00:00	笠信 出资配当		普通預金.pdf	140Fg34UWrvdYC8Gjo1nr1WmmHXHOCnf3	2026-04-12 22:39:11	入金														笠信 出资配当
2025/06/27	9189220	9樣（B45708)			未照合	2025/06/01		諸口		9樣（B45708)	9	9				諸口							2026/04/13 02:00:00	9樣（B45708)		普通預金.pdf	140Fg34UWrvdYC8Gjo1nr1WmmHXHOCnf3	2026-04-12 22:39:11	入金														9樣（B45708)
2025/06/27	270809	S5.084582口才樣			未照合	2025/06/01		諸口		S5.084582口才樣	149	149				諸口							2026/04/13 02:00:00	S5.084582口才樣	店岛銀行② の他	普通預金.pdf	140Fg34UWrvdYC8Gjo1nr1WmmHXHOCnf3	2026-04-12 22:39:11	入金														S5.084582口才樣
2025/06/30	74292	中銀- JCB			未照合	2025/06/01		諸口		中銀- JCB	185	185				諸口							2026/04/13 02:00:00	中銀- JCB	中国銀行	普通預金.pdf	140Fg34UWrvdYC8Gjo1nr1WmmHXHOCnf3	2026-04-12 22:39:11	入金														中銀- JCB
2025/06/30	524526	中銀- VISA			未照合	2025/06/01		諸口		中銀- VISA	186	186				諸口							2026/04/13 02:00:00	中銀- VISA	中国銀行	普通預金.pdf	140Fg34UWrvdYC8Gjo1nr1WmmHXHOCnf3	2026-04-12 22:39:11	入金														中銀- VISA
2025/06/30	10298704	樣5月分相殺			未照合	2025/06/01		諸口		樣5月分相殺	306	306				諸口							2026/04/13 02:00:00	樣5月分相殺	店岛銀行②	普通預金.pdf	140Fg34UWrvdYC8Gjo1nr1WmmHXHOCnf3	2026-04-12 22:39:11	入金														樣5月分相殺
2025/07/03	12470891	笠信短期借入1250万			未照合	2025/07/01		諸口		笠信短期借入1250万	222	222				諸口							2026/04/13 02:00:00	笠信短期借入1250万	笠网信用組合	普通預金.pdf	140Fg34UWrvdYC8Gjo1nr1WmmHXHOCnf3	2026-04-12 22:39:11	入金														笠信短期借入1250万
2025/07/03	13560539	樣VCH3797			未照合	2025/07/01		諸口		樣VCH3797	227	227				諸口							2026/04/13 02:00:00	樣VCH3797	車雨 店岛銀行②	普通預金.pdf	140Fg34UWrvdYC8Gjo1nr1WmmHXHOCnf3	2026-04-12 22:39:11	入金														樣VCH3797
2025/07/08	354024	湘Ⅲ谷樣SB23812小切手			未照合	2025/07/01		諸口		湘Ⅲ谷樣SB23812小切手	265	265				諸口							2026/04/13 02:00:00	湘Ⅲ谷樣SB23812小切手	整備 福山支店	普通預金.pdf	140Fg34UWrvdYC8Gjo1nr1WmmHXHOCnf3	2026-04-12 22:39:11	入金														湘Ⅲ谷樣SB23812小切手
2025/07/11	6855439	划 泉贵之樣 CH3788			未照合	2025/07/01		諸口		划 泉贵之樣 CH3788	293	293				諸口							2026/04/13 02:00:00	划 泉贵之樣 CH3788	福山支店	普通預金.pdf	140Fg34UWrvdYC8Gjo1nr1WmmHXHOCnf3	2026-04-12 22:39:11	入金														划 泉贵之樣 CH3788
2025/07/14	3662150	拟v分返金			未照合	2025/07/01		諸口		拟v分返金	39	39				諸口							2026/04/13 02:00:00	拟v分返金		普通預金.pdf	140Fg34UWrvdYC8Gjo1nr1WmmHXHOCnf3	2026-04-12 22:39:11	入金														拟v分返金
2025/07/14	100000	東京海上且動方L生命医察合保 陕金本样子			未照合	2025/07/01		諸口		東京海上且動方L生命医察合保 陕金本样子	41	41				諸口							2026/04/13 02:00:00	東京海上且動方L生命医察合保 陕金本样子		普通預金.pdf	140Fg34UWrvdYC8Gjo1nr1WmmHXHOCnf3	2026-04-12 22:39:11	入金														東京海上且動方L生命医察合保 陕金本样子
2025/07/15	71023	中銀力-卜 VISA			未照合	2025/07/01		諸口		中銀力-卜 VISA	328	328				諸口							2026/04/13 02:00:00	中銀力-卜 VISA	中国銀行	普通預金.pdf	140Fg34UWrvdYC8Gjo1nr1WmmHXHOCnf3	2026-04-12 22:39:11	入金														中銀力-卜 VISA
2025/07/15	17220	樣SB23815/23945/23980			未照合	2025/07/01		諸口		樣SB23815/23945/23980	330	330				諸口							2026/04/13 02:00:00	樣SB23815/23945/23980	整備 福山支店	普通預金.pdf	140Fg34UWrvdYC8Gjo1nr1WmmHXHOCnf3	2026-04-12 22:39:11	入金														樣SB23815/23945/23980
2025/07/15	214947	三井住友海上火炎保院代理店保院手			未照合	2025/07/01		諸口		三井住友海上火炎保院代理店保院手	332	332				諸口							2026/04/13 02:00:00	三井住友海上火炎保院代理店保院手	笠网信用組合 CB 壳内10	普通預金.pdf	140Fg34UWrvdYC8Gjo1nr1WmmHXHOCnf3	2026-04-12 22:39:11	入金														三井住友海上火炎保院代理店保院手
2025/07/15	18593	東京海上日動代理店保除手数料			未照合	2025/07/01		諸口		東京海上日動代理店保除手数料	333	333				諸口							2026/04/13 02:00:00	東京海上日動代理店保除手数料	中国銀行 CB 壳内10	普通預金.pdf	140Fg34UWrvdYC8Gjo1nr1WmmHXHOCnf3	2026-04-12 22:39:11	入金														東京海上日動代理店保除手数料
2025/07/22	41203	泉贵之			未照合	2025/07/01		諸口		泉贵之	357	357				諸口							2026/04/13 02:00:00	泉贵之	壳内10 福山支店 1CB	普通預金.pdf	140Fg34UWrvdYC8Gjo1nr1WmmHXHOCnf3	2026-04-12 22:39:11	入金														泉贵之
2025/07/24	6076650	USS大阪			未照合	2025/07/01		諸口		USS大阪	356	356				諸口							2026/04/13 02:00:00	USS大阪	中国銀行	普通預金.pdf	140Fg34UWrvdYC8Gjo1nr1WmmHXHOCnf3	2026-04-12 22:39:11	入金														USS大阪
2025/07/31	7130421	）			未照合	2025/07/01		諸口		）	9	9				諸口							2026/04/13 02:00:00	）		普通預金.pdf	140Fg34UWrvdYC8Gjo1nr1WmmHXHOCnf3	2026-04-12 22:39:11	入金														）
2025/07/31	239170	宇田製菓樣 SB23915			未照合	2025/07/01		諸口		宇田製菓樣 SB23915	53	53				諸口							2026/04/13 02:00:00	宇田製菓樣 SB23915		普通預金.pdf	140Fg34UWrvdYC8Gjo1nr1WmmHXHOCnf3	2026-04-12 22:39:11	入金														宇田製菓樣 SB23915
2025/07/31	250224	中銀-” VISA			未照合	2025/07/01		諸口		中銀-” VISA	422	422				諸口							2026/04/13 02:00:00	中銀-” VISA	中国銀行	普通預金.pdf	140Fg34UWrvdYC8Gjo1nr1WmmHXHOCnf3	2026-04-12 22:39:11	入金														中銀-” VISA
2025/07/31	589059	中銀力-卜”JCB			未照合	2025/07/01		諸口		中銀力-卜”JCB	423	423				諸口							2026/04/13 02:00:00	中銀力-卜”JCB	中国銀行	普通預金.pdf	140Fg34UWrvdYC8Gjo1nr1WmmHXHOCnf3	2026-04-12 22:39:11	入金														中銀力-卜”JCB
2025/07/31	265547	有三爱運輸樣SB23953/23939			未照合	2025/07/01		諸口		有三爱運輸樣SB23953/23939	461	461				諸口							2026/04/13 02:00:00	有三爱運輸樣SB23953/23939	福山支店 整備	普通預金.pdf	140Fg34UWrvdYC8Gjo1nr1WmmHXHOCnf3	2026-04-12 22:39:11	入金														有三爱運輸樣SB23953/23939
2025/07/31	13337643	樣6月分相殺			未照合	2025/07/01		諸口		樣6月分相殺	507	507				諸口							2026/04/13 02:00:00	樣6月分相殺	店岛銀行②	普通預金.pdf	140Fg34UWrvdYC8Gjo1nr1WmmHXHOCnf3	2026-04-12 22:39:11	入金														樣6月分相殺
2025/08/08	17650	356145			未照合	2025/08/01		諸口		356145	15	15				諸口							2026/04/13 02:00:00	356145		普通預金.pdf	140Fg34UWrvdYC8Gjo1nr1WmmHXHOCnf3	2026-04-12 22:39:11	入金														356145
2025/08/15	18102	中銀+-”VISA大蟠一树樣SB24047			未照合	2025/08/01		諸口		中銀+-”VISA大蟠一树樣SB24047	11	11				諸口							2026/04/13 02:00:00	中銀+-”VISA大蟠一树樣SB24047		普通預金.pdf	140Fg34UWrvdYC8Gjo1nr1WmmHXHOCnf3	2026-04-12 22:39:11	入金														中銀+-”VISA大蟠一树樣SB24047
2025/08/15	880000	工外清水腾重样			未照合	2025/08/01		諸口		工外清水腾重样	15	15				諸口							2026/04/13 02:00:00	工外清水腾重样		普通預金.pdf	140Fg34UWrvdYC8Gjo1nr1WmmHXHOCnf3	2026-04-12 22:39:11	入金														工外清水腾重样
2025/08/15	250295	中銀力-卜”JCB			未照合	2025/08/01		諸口		中銀力-卜”JCB	559	559				諸口							2026/04/13 02:00:00	中銀力-卜”JCB	中国銀行	普通預金.pdf	140Fg34UWrvdYC8Gjo1nr1WmmHXHOCnf3	2026-04-12 22:39:11	入金														中銀力-卜”JCB
2025/08/15	3722	国税逻付金源泉所得及U復興税			未照合	2025/08/01		諸口		国税逻付金源泉所得及U復興税	562	562				諸口							2026/04/13 02:00:00	国税逻付金源泉所得及U復興税	：店岛信用金库 の他	普通預金.pdf	140Fg34UWrvdYC8Gjo1nr1WmmHXHOCnf3	2026-04-12 22:39:11	入金														国税逻付金源泉所得及U復興税
2025/08/15	117417	株樣SB23980/23992/23861			未照合	2025/08/01		諸口		株樣SB23980/23992/23861	570	570				諸口							2026/04/13 02:00:00	株樣SB23980/23992/23861	福山支店 整備	普通預金.pdf	140Fg34UWrvdYC8Gjo1nr1WmmHXHOCnf3	2026-04-12 22:39:11	入金														株樣SB23980/23992/23861
2025/08/17	61	决算利息			未照合	2025/08/01		諸口		决算利息	789	789				諸口							2026/04/13 02:00:00	决算利息	店岛信用金库 预金利息12 本社 壳非課税	普通預金.pdf	140Fg34UWrvdYC8Gjo1nr1WmmHXHOCnf3	2026-04-12 22:39:11	入金														决算利息
2025/08/18	73450	橘本祥子堀病院寒费			未照合	2025/08/01		諸口		橘本祥子堀病院寒费	39	39				諸口							2026/04/13 02:00:00	橘本祥子堀病院寒费		普通預金.pdf	140Fg34UWrvdYC8Gjo1nr1WmmHXHOCnf3	2026-04-12 22:39:11	入金														橘本祥子堀病院寒费
2025/08/18	2074	受取利息			未照合	2025/08/01		諸口		受取利息	41	41				諸口							2026/04/13 02:00:00	受取利息		普通預金.pdf	140Fg34UWrvdYC8Gjo1nr1WmmHXHOCnf3	2026-04-12 22:39:11	入金														受取利息
2025/08/18	148560	三井住友海上火美保喷代理店保手 数料			未照合	2025/08/01		諸口		三井住友海上火美保喷代理店保手 数料	547	547				諸口							2026/04/13 02:00:00	三井住友海上火美保喷代理店保手 数料	笠网信用組合 CB 壳内10	普通預金.pdf	140Fg34UWrvdYC8Gjo1nr1WmmHXHOCnf3	2026-04-12 22:39:11	入金														三井住友海上火美保喷代理店保手 数料
2025/08/18	2435	受取利息			未照合	2025/08/01		諸口		受取利息	595	595				諸口							2026/04/13 02:00:00	受取利息	福山支店	普通預金.pdf	140Fg34UWrvdYC8Gjo1nr1WmmHXHOCnf3	2026-04-12 22:39:11	入金														受取利息
2025/08/19	21381	東京海上日動代理店保手数料			未照合	2025/08/01		諸口		東京海上日動代理店保手数料	590	590				諸口							2026/04/13 02:00:00	東京海上日動代理店保手数料	壳内10 中国银行 CB	普通預金.pdf	140Fg34UWrvdYC8Gjo1nr1WmmHXHOCnf3	2026-04-12 22:39:11	入金														東京海上日動代理店保手数料
2025/08/20	1000000	山本彩加樣7y3-208車丙代			未照合	2025/08/01		諸口		山本彩加樣7y3-208車丙代	585	585				諸口							2026/04/13 02:00:00	山本彩加樣7y3-208車丙代	店岛銀行②	普通預金.pdf	140Fg34UWrvdYC8Gjo1nr1WmmHXHOCnf3	2026-04-12 22:39:11	入金														山本彩加樣7y3-208車丙代
2025/08/29	260000000	長期借入金			未照合	2025/08/01		諸口		長期借入金	15	15				諸口							2026/04/13 02:00:00	長期借入金		普通預金.pdf	140Fg34UWrvdYC8Gjo1nr1WmmHXHOCnf3	2026-04-12 22:39:11	入金														長期借入金
2025/08/29	108820000	該当現金			未照合	2025/08/01		諸口		該当現金	19	19				諸口							2026/04/13 02:00:00	該当現金		普通預金.pdf	140Fg34UWrvdYC8Gjo1nr1WmmHXHOCnf3	2026-04-12 22:39:11	入金														該当現金
2025/08/29	71013	层L利息元金3,000万巴为匕银行			未照合	2025/08/01		諸口		层L利息元金3,000万巴为匕银行	45	45				諸口							2026/04/13 02:00:00	层L利息元金3,000万巴为匕银行		普通預金.pdf	140Fg34UWrvdYC8Gjo1nr1WmmHXHOCnf3	2026-04-12 22:39:11	入金														层L利息元金3,000万巴为匕银行
2025/08/29	12962	层L利息元金60,660,000七七银行			未照合	2025/08/01		諸口		层L利息元金60,660,000七七银行	49	49				諸口							2026/04/13 02:00:00	层L利息元金60,660,000七七银行		普通預金.pdf	140Fg34UWrvdYC8Gjo1nr1WmmHXHOCnf3	2026-04-12 22:39:11	入金														层L利息元金60,660,000七七银行
2025/08/29	4664	层L利息元金18,160,000四七 银行			未照合	2025/08/01		諸口		层L利息元金18,160,000四七 银行	53	53				諸口							2026/04/13 02:00:00	层L利息元金18,160,000四七 银行		普通預金.pdf	140Fg34UWrvdYC8Gjo1nr1WmmHXHOCnf3	2026-04-12 22:39:11	入金														层L利息元金18,160,000四七 银行
2025/08/29	7545864	笠信短期借入金760万			未照合	2025/08/01		諸口		笠信短期借入金760万	672	672				諸口							2026/04/13 02:00:00	笠信短期借入金760万	笠网信用組合 笠信760万	普通預金.pdf	140Fg34UWrvdYC8Gjo1nr1WmmHXHOCnf3	2026-04-12 22:39:11	入金														笠信短期借入金760万
2025/08/29	161158	中銀-卜”VISA			未照合	2025/08/01		諸口		中銀-卜”VISA	674	674				諸口							2026/04/13 02:00:00	中銀-卜”VISA	中国銀行	普通預金.pdf	140Fg34UWrvdYC8Gjo1nr1WmmHXHOCnf3	2026-04-12 22:39:11	入金														中銀-卜”VISA
2025/08/29	210318	中銀力-卜” JCB			未照合	2025/08/01		諸口		中銀力-卜” JCB	675	675				諸口							2026/04/13 02:00:00	中銀力-卜” JCB	中国銀行	普通預金.pdf	140Fg34UWrvdYC8Gjo1nr1WmmHXHOCnf3	2026-04-12 22:39:11	入金														中銀力-卜” JCB
2025/08/29	59999780	59,999,780 76, 412, 886			未照合	2025/08/01		諸口		59,999,780 76, 412, 886	678	678				諸口							2026/04/13 02:00:00	59,999,780 76, 412, 886	笠网信用組合	普通預金.pdf	140Fg34UWrvdYC8Gjo1nr1WmmHXHOCnf3	2026-04-12 22:39:11	入金														59,999,780 76, 412, 886
2025/09/01	149182	Ⅲ谷樣SB24053小切手气（8/ 28分)			未照合	2025/09/01		諸口		Ⅲ谷樣SB24053小切手气（8/ 28分)	51	51				諸口							2026/04/13 02:00:00	Ⅲ谷樣SB24053小切手气（8/ 28分)		普通預金.pdf	140Fg34UWrvdYC8Gjo1nr1WmmHXHOCnf3	2026-04-12 22:39:11	入金														Ⅲ谷樣SB24053小切手气（8/ 28分)
2025/09/04	100000	山本彩加			未照合	2025/09/01		諸口		山本彩加	746	746				諸口							2026/04/13 02:00:00	山本彩加	車雨 岛銀行②	普通預金.pdf	140Fg34UWrvdYC8Gjo1nr1WmmHXHOCnf3	2026-04-12 22:39:11	入金														山本彩加
2025/09/04	2223640	才 竹本彩乃MINI			未照合	2025/09/01		諸口		才 竹本彩乃MINI	748	748				諸口							2026/04/13 02:00:00	才 竹本彩乃MINI	屯福山支店 車丙	普通預金.pdf	140Fg34UWrvdYC8Gjo1nr1WmmHXHOCnf3	2026-04-12 22:39:11	入金														才 竹本彩乃MINI
2025/09/10	6000	JU店岛			未照合	2025/09/01		諸口		JU店岛	45	45				諸口							2026/04/13 02:00:00	JU店岛		普通預金.pdf	140Fg34UWrvdYC8Gjo1nr1WmmHXHOCnf3	2026-04-12 22:39:11	入金														JU店岛
2025/09/15	5363	笠信 决算利息			未照合	2025/09/01		諸口		笠信 决算利息	867	867				諸口							2026/04/13 02:00:00	笠信 决算利息	预金利息12 本社 壳非課税 笠网信用組合	普通預金.pdf	140Fg34UWrvdYC8Gjo1nr1WmmHXHOCnf3	2026-04-12 22:39:11	入金														笠信 决算利息
2025/09/16	2654	受取利息 銀			未照合	2025/09/01		諸口		受取利息 銀	33	33				諸口							2026/04/13 02:00:00	受取利息 銀		普通預金.pdf	140Fg34UWrvdYC8Gjo1nr1WmmHXHOCnf3	2026-04-12 22:39:11	入金														受取利息 銀
2025/09/16	4015	SB24015			未照合	2025/09/01		諸口		SB24015	864	864				諸口							2026/04/13 02:00:00	SB24015	整備 福山支店	普通預金.pdf	140Fg34UWrvdYC8Gjo1nr1WmmHXHOCnf3	2026-04-12 22:39:11	入金														SB24015
2025/09/16	406353	三井住友海上火炎保险滕代理店保险手			未照合	2025/09/01		諸口		三井住友海上火炎保险滕代理店保险手	865	865				諸口							2026/04/13 02:00:00	三井住友海上火炎保险滕代理店保险手	笠网信用組合 壳内10 CB	普通預金.pdf	140Fg34UWrvdYC8Gjo1nr1WmmHXHOCnf3	2026-04-12 22:39:11	入金														三井住友海上火炎保险滕代理店保险手
2025/09/16	115386	中銀-” JCB			未照合	2025/09/01		諸口		中銀-” JCB	871	871				諸口							2026/04/13 02:00:00	中銀-” JCB	中国銀行	普通預金.pdf	140Fg34UWrvdYC8Gjo1nr1WmmHXHOCnf3	2026-04-12 22:39:11	入金														中銀-” JCB
2025/09/16	425380	中銀- VISA			未照合	2025/09/01		諸口		中銀- VISA	872	872				諸口							2026/04/13 02:00:00	中銀- VISA	中国銀行	普通預金.pdf	140Fg34UWrvdYC8Gjo1nr1WmmHXHOCnf3	2026-04-12 22:39:11	入金														中銀- VISA
2025/09/17	15257	東京海上日動代理店保手数料			未照合	2025/09/01		諸口		東京海上日動代理店保手数料	866	866				諸口							2026/04/13 02:00:00	東京海上日動代理店保手数料	中国銀行 壳内10 CB	普通預金.pdf	140Fg34UWrvdYC8Gjo1nr1WmmHXHOCnf3	2026-04-12 22:39:11	入金														東京海上日動代理店保手数料
2025/09/22	31900	株USS大阪自税7M7-卜.0021265			未照合	2025/09/01		諸口		株USS大阪自税7M7-卜.0021265	886	886				諸口							2026/04/13 02:00:00	株USS大阪自税7M7-卜.0021265	中国銀行	普通預金.pdf	140Fg34UWrvdYC8Gjo1nr1WmmHXHOCnf3	2026-04-12 22:39:11	入金														株USS大阪自税7M7-卜.0021265
2025/09/22	12996	划			未照合	2025/09/01		諸口		划	888	888				諸口							2026/04/13 02:00:00	划	福山支店 1CB 壳内10	普通預金.pdf	140Fg34UWrvdYC8Gjo1nr1WmmHXHOCnf3	2026-04-12 22:39:11	入金														划
2025/09/29	907200	划山本彩加樣3-208車再			未照合	2025/09/01		諸口		划山本彩加樣3-208車再	927	927				諸口							2026/04/13 02:00:00	划山本彩加樣3-208車再	福山支店 車雨	普通預金.pdf	140Fg34UWrvdYC8Gjo1nr1WmmHXHOCnf3	2026-04-12 22:39:11	入金														划山本彩加樣3-208車再
2025/09/29	265520	山本彩加樣7义3-208車雨			未照合	2025/09/01		諸口		山本彩加樣7义3-208車雨	930	930				諸口							2026/04/13 02:00:00	山本彩加樣7义3-208車雨	店岛銀行② 車雨	普通預金.pdf	140Fg34UWrvdYC8Gjo1nr1WmmHXHOCnf3	2026-04-12 22:39:11	入金														山本彩加樣7义3-208車雨
2025/09/30	34805	中銀力-” JCB			未照合	2025/09/01		諸口		中銀力-” JCB	41	41				諸口							2026/04/13 02:00:00	中銀力-” JCB		普通預金.pdf	140Fg34UWrvdYC8Gjo1nr1WmmHXHOCnf3	2026-04-12 22:39:11	入金														中銀力-” JCB
2025/09/30	1070766	中銀力- VISA			未照合	2025/09/01		諸口		中銀力- VISA	987	987				諸口							2026/04/13 02:00:00	中銀力- VISA	中国銀行	普通預金.pdf	140Fg34UWrvdYC8Gjo1nr1WmmHXHOCnf3	2026-04-12 22:39:11	入金														中銀力- VISA
2025/10/08	20000000	Mx樣MBG404843			未照合	2025/10/01		諸口		Mx樣MBG404843	1022	1022				諸口							2026/04/13 02:00:00	Mx樣MBG404843	店岛銀行② 車雨	普通預金.pdf	140Fg34UWrvdYC8Gjo1nr1WmmHXHOCnf3	2026-04-12 22:39:11	入金														Mx樣MBG404843
2025/10/10	985650	Mx樣MBG404843			未照合	2025/10/01		諸口		Mx樣MBG404843	1056	1056				諸口							2026/04/13 02:00:00	Mx樣MBG404843	店岛銀行② 車雨	普通預金.pdf	140Fg34UWrvdYC8Gjo1nr1WmmHXHOCnf3	2026-04-12 22:39:11	入金														Mx樣MBG404843
2025/10/15	62717	中银-”VISA安部典高樣SB24172			未照合	2025/10/01		諸口		中银-”VISA安部典高樣SB24172	1091	1091				諸口							2026/04/13 02:00:00	中银-”VISA安部典高樣SB24172	中国銀行	普通預金.pdf	140Fg34UWrvdYC8Gjo1nr1WmmHXHOCnf3	2026-04-12 22:39:11	入金														中银-”VISA安部典高樣SB24172
2025/10/15	381375	中銀- JCB			未照合	2025/10/01		諸口		中銀- JCB	1092	1092				諸口							2026/04/13 02:00:00	中銀- JCB	中国銀行	普通預金.pdf	140Fg34UWrvdYC8Gjo1nr1WmmHXHOCnf3	2026-04-12 22:39:11	入金														中銀- JCB
2025/10/16	9314	東京海上日動代理店保手数料			未照合	2025/10/01		諸口		東京海上日動代理店保手数料	29	29				諸口							2026/04/13 02:00:00	東京海上日動代理店保手数料		普通預金.pdf	140Fg34UWrvdYC8Gjo1nr1WmmHXHOCnf3	2026-04-12 22:39:11	入金														東京海上日動代理店保手数料
2025/10/16	148534	三井住友海上火炎保喷縣代理店保险手 数料			未照合	2025/10/01		諸口		三井住友海上火炎保喷縣代理店保险手 数料	1095	1095				諸口							2026/04/13 02:00:00	三井住友海上火炎保喷縣代理店保险手 数料	壳内10 笠网信用組合 CB	普通預金.pdf	140Fg34UWrvdYC8Gjo1nr1WmmHXHOCnf3	2026-04-12 22:39:11	入金														三井住友海上火炎保喷縣代理店保险手 数料
2025/10/20	210000	同和SB24232			未照合	2025/10/01		諸口		同和SB24232	1133	1133				諸口							2026/04/13 02:00:00	同和SB24232	屯福山支店 整偏	普通預金.pdf	140Fg34UWrvdYC8Gjo1nr1WmmHXHOCnf3	2026-04-12 22:39:11	入金														同和SB24232
2025/10/20	5177587	唐川晟亚樣V册xES12720			未照合	2025/10/01		諸口		唐川晟亚樣V册xES12720	1134	1134				諸口							2026/04/13 02:00:00	唐川晟亚樣V册xES12720	福山支店 車雨	普通預金.pdf	140Fg34UWrvdYC8Gjo1nr1WmmHXHOCnf3	2026-04-12 22:39:11	入金														唐川晟亚樣V册xES12720
2025/10/20	4979	10/20 4, 979 14,580,677			未照合	2025/10/01		諸口		10/20 4, 979 14,580,677	1189	1189				諸口							2026/04/13 02:00:00	10/20 4, 979 14,580,677	壳内10 福山支店 1CB	普通預金.pdf	140Fg34UWrvdYC8Gjo1nr1WmmHXHOCnf3	2026-04-12 22:39:11	入金														10/20 4, 979 14,580,677
2025/10/21	1324360	Mx樣MBG404843			未照合	2025/10/01		諸口		Mx樣MBG404843	1128	1128				諸口							2026/04/13 02:00:00	Mx樣MBG404843	店岛銀行② 車丙	普通預金.pdf	140Fg34UWrvdYC8Gjo1nr1WmmHXHOCnf3	2026-04-12 22:39:11	入金														Mx樣MBG404843
2025/10/22	67000	同和SB24233			未照合	2025/10/01		諸口		同和SB24233	1138	1138				諸口							2026/04/13 02:00:00	同和SB24233	福山支店	普通預金.pdf	140Fg34UWrvdYC8Gjo1nr1WmmHXHOCnf3	2026-04-12 22:39:11	入金														同和SB24233
2025/10/31	10968	中銀一卜°VISA饭村修吾樣SB24290			未照合	2025/10/01		諸口		中銀一卜°VISA饭村修吾樣SB24290	1221	1221				諸口							2026/04/13 02:00:00	中銀一卜°VISA饭村修吾樣SB24290	中国銀行 整備	普通預金.pdf	140Fg34UWrvdYC8Gjo1nr1WmmHXHOCnf3	2026-04-12 22:39:11	入金														中銀一卜°VISA饭村修吾樣SB24290
2025/10/31	466510	9月分			未照合	2025/10/01		諸口		9月分	1296	1296				諸口							2026/04/13 02:00:00	9月分	店岛銀行②	普通預金.pdf	140Fg34UWrvdYC8Gjo1nr1WmmHXHOCnf3	2026-04-12 22:39:11	入金														9月分
2025/11/05	380600	東京海上日動火炎保株SB24248			未照合	2025/11/01		諸口		東京海上日動火炎保株SB24248	1290	1290				諸口							2026/04/13 02:00:00	東京海上日動火炎保株SB24248	福山支店	普通預金.pdf	140Fg34UWrvdYC8Gjo1nr1WmmHXHOCnf3	2026-04-12 22:39:11	入金														東京海上日動火炎保株SB24248
2025/11/13	50000	全国話会交流大会			未照合	2025/11/01		諸口		全国話会交流大会	43	43				諸口							2026/04/13 02:00:00	全国話会交流大会		普通預金.pdf	140Fg34UWrvdYC8Gjo1nr1WmmHXHOCnf3	2026-04-12 22:39:11	入金														全国話会交流大会
2025/11/14	34280	A7x二样SB24266SB24275SB242 74			未照合	2025/11/01		諸口		A7x二样SB24266SB24275SB242 74	51	51				諸口							2026/04/13 02:00:00	A7x二样SB24266SB24275SB242 74		普通預金.pdf	140Fg34UWrvdYC8Gjo1nr1WmmHXHOCnf3	2026-04-12 22:39:11	入金														A7x二样SB24266SB24275SB242 74
2025/11/18	158904	三井住友海上火炭保院滕代理店保院手			未照合	2025/11/01		諸口		三井住友海上火炭保院滕代理店保院手	1394	1394				諸口							2026/04/13 02:00:00	三井住友海上火炭保院滕代理店保院手	笠网信用組合 壳内10 CB	普通預金.pdf	140Fg34UWrvdYC8Gjo1nr1WmmHXHOCnf3	2026-04-12 22:39:11	入金														三井住友海上火炭保院滕代理店保院手
2025/11/20	30985	划 30,985 8,103, 544			未照合	2025/11/01		諸口		划 30,985 8,103, 544	1582	1582				諸口							2026/04/13 02:00:00	划 30,985 8,103, 544	福山支店 1CB 壳内10	普通預金.pdf	140Fg34UWrvdYC8Gjo1nr1WmmHXHOCnf3	2026-04-12 22:39:11	入金														划 30,985 8,103, 544
2025/11/21	8700000	株-x卜y7樣車而CH3809			未照合	2025/11/01		諸口		株-x卜y7樣車而CH3809	1402	1402				諸口							2026/04/13 02:00:00	株-x卜y7樣車而CH3809	岛銀行②	普通預金.pdf	140Fg34UWrvdYC8Gjo1nr1WmmHXHOCnf3	2026-04-12 22:39:11	入金														株-x卜y7樣車而CH3809
2025/11/28	357299	中銀-卜 VISA			未照合	2025/11/01		諸口		中銀-卜 VISA	1456	1456				諸口							2026/04/13 02:00:00	中銀-卜 VISA	中国銀行	普通預金.pdf	140Fg34UWrvdYC8Gjo1nr1WmmHXHOCnf3	2026-04-12 22:39:11	入金														中銀-卜 VISA
2025/11/28	21287	中銀力- JCB			未照合	2025/11/01		諸口		中銀力- JCB	1457	1457				諸口							2026/04/13 02:00:00	中銀力- JCB	中国銀行	普通預金.pdf	140Fg34UWrvdYC8Gjo1nr1WmmHXHOCnf3	2026-04-12 22:39:11	入金														中銀力- JCB
2025/11/28	15000000	签信長期借入金1,500万巴R7.11			未照合	2025/11/01		諸口		签信長期借入金1,500万巴R7.11	1459	1459				諸口							2026/04/13 02:00:00	签信長期借入金1,500万巴R7.11	笠网信用組合	普通預金.pdf	140Fg34UWrvdYC8Gjo1nr1WmmHXHOCnf3	2026-04-12 22:39:11	入金														签信長期借入金1,500万巴R7.11
2025/12/12	3448420	7V7津田崇贵様86589			未照合	2025/12/01		諸口		7V7津田崇贵様86589	15	15				諸口							2026/04/13 02:00:00	7V7津田崇贵様86589		普通預金.pdf	140Fg34UWrvdYC8Gjo1nr1WmmHXHOCnf3	2026-04-12 22:39:11	入金														7V7津田崇贵様86589
2025/12/15	92280	中銀力- JCB			未照合	2025/12/01		諸口		中銀力- JCB	1652	1652				諸口							2026/04/13 02:00:00	中銀力- JCB	中国銀行	普通預金.pdf	140Fg34UWrvdYC8Gjo1nr1WmmHXHOCnf3	2026-04-12 22:39:11	入金														中銀力- JCB
2025/12/15	617594	中銀-” VISA			未照合	2025/12/01		諸口		中銀-” VISA	1653	1653				諸口							2026/04/13 02:00:00	中銀-” VISA	中国銀行	普通預金.pdf	140Fg34UWrvdYC8Gjo1nr1WmmHXHOCnf3	2026-04-12 22:39:11	入金														中銀-” VISA
2025/12/15	37345	二株樣SB24274			未照合	2025/12/01		諸口		二株樣SB24274	1654	1654				諸口							2026/04/13 02:00:00	二株樣SB24274	整偏 福山支店	普通預金.pdf	140Fg34UWrvdYC8Gjo1nr1WmmHXHOCnf3	2026-04-12 22:39:11	入金														二株樣SB24274
2025/12/15	169193	三井住友海上火炎保陵代理店保手 数料			未照合	2025/12/01		諸口		三井住友海上火炎保陵代理店保手 数料	1657	1657				諸口							2026/04/13 02:00:00	三井住友海上火炎保陵代理店保手 数料	壳内10 笠网信用組合 CB	普通預金.pdf	140Fg34UWrvdYC8Gjo1nr1WmmHXHOCnf3	2026-04-12 22:39:11	入金														三井住友海上火炎保陵代理店保手 数料
2025/12/25	6925206	手形贷付短期借入金700万四R7/12 /25~			未照合	2025/12/01		諸口		手形贷付短期借入金700万四R7/12 /25~	1934	1934				諸口							2026/04/13 02:00:00	手形贷付短期借入金700万四R7/12 /25~	笠信700万 笠网信用組合	普通預金.pdf	140Fg34UWrvdYC8Gjo1nr1WmmHXHOCnf3	2026-04-12 22:39:11	入金														手形贷付短期借入金700万四R7/12 /25~
2025/12/29	473836	中銀- VISA			未照合	2025/12/01		諸口		中銀- VISA	39	39				諸口							2026/04/13 02:00:00	中銀- VISA		普通預金.pdf	140Fg34UWrvdYC8Gjo1nr1WmmHXHOCnf3	2026-04-12 22:39:11	入金														中銀- VISA
2025/12/29	123207	中銀力-卜”JCB中岛美和樣SB23476			未照合	2025/12/01		諸口		中銀力-卜”JCB中岛美和樣SB23476	43	43				諸口							2026/04/13 02:00:00	中銀力-卜”JCB中岛美和樣SB23476		普通預金.pdf	140Fg34UWrvdYC8Gjo1nr1WmmHXHOCnf3	2026-04-12 22:39:11	入金														中銀力-卜”JCB中岛美和樣SB23476
2025/12/29	287236	中銀- VISA			未照合	2025/12/01		諸口		中銀- VISA	1807	1807				諸口							2026/04/13 02:00:00	中銀- VISA	中国銀行	普通預金.pdf	140Fg34UWrvdYC8Gjo1nr1WmmHXHOCnf3	2026-04-12 22:39:11	入金														中銀- VISA
2025/12/30	73590	有)三爱運输樣 SB24294			未照合	2025/12/01		諸口		有)三爱運输樣 SB24294	1816	1816				諸口							2026/04/13 02:00:00	有)三爱運输樣 SB24294	福山支店	普通預金.pdf	140Fg34UWrvdYC8Gjo1nr1WmmHXHOCnf3	2026-04-12 22:39:11	入金														有)三爱運输樣 SB24294
2026/01/09	8572271	规（中川浩一 M/7J. ZAMYS57J001329 739			未照合	2026/01/01		諸口		规（中川浩一 M/7J. ZAMYS57J001329 739	1844	1844				諸口							2026/04/13 02:00:00	规（中川浩一 M/7J. ZAMYS57J001329 739	車雨 福山支店	普通預金.pdf	140Fg34UWrvdYC8Gjo1nr1WmmHXHOCnf3	2026-04-12 22:39:11	入金														规（中川浩一 M/7J. ZAMYS57J001329 739
2026/01/12	5400000	7CH3825M/v.ZN6 XU61000X350311			未照合	2026/01/01		諸口		7CH3825M/v.ZN6 XU61000X350311	55	55				諸口							2026/04/13 02:00:00	7CH3825M/v.ZN6 XU61000X350311		普通預金.pdf	140Fg34UWrvdYC8Gjo1nr1WmmHXHOCnf3	2026-04-12 22:39:11	入金														7CH3825M/v.ZN6 XU61000X350311
2026/01/13	529738	平田嗒郎部J/F-TYPE SAJKC63H1FMK20562			未照合	2026/01/01		諸口		平田嗒郎部J/F-TYPE SAJKC63H1FMK20562	1880	1880				諸口							2026/04/13 02:00:00	平田嗒郎部J/F-TYPE SAJKC63H1FMK20562	岛銀行② の他	普通預金.pdf	140Fg34UWrvdYC8Gjo1nr1WmmHXHOCnf3	2026-04-12 22:39:11	入金														平田嗒郎部J/F-TYPE SAJKC63H1FMK20562
2026/01/15	1000	岛累中古自動車JU缺 赏金			未照合	2026/01/01		諸口		岛累中古自動車JU缺 赏金	11	11				諸口							2026/04/13 02:00:00	岛累中古自動車JU缺 赏金		普通預金.pdf	140Fg34UWrvdYC8Gjo1nr1WmmHXHOCnf3	2026-04-12 22:39:11	入金														岛累中古自動車JU缺 赏金
2026/01/15	1065	中銀- VISA			未照合	2026/01/01		諸口		中銀- VISA	1887	1887				諸口							2026/04/13 02:00:00	中銀- VISA	中国銀行 整備	普通預金.pdf	140Fg34UWrvdYC8Gjo1nr1WmmHXHOCnf3	2026-04-12 22:39:11	入金														中銀- VISA
2026/01/15	293737	中銀- JCB			未照合	2026/01/01		諸口		中銀- JCB	1888	1888				諸口							2026/04/13 02:00:00	中銀- JCB	中国銀行	普通預金.pdf	140Fg34UWrvdYC8Gjo1nr1WmmHXHOCnf3	2026-04-12 22:39:11	入金														中銀- JCB
2026/01/15	129606	该樣SB24275/24273 壳排金			未照合	2026/01/01		諸口		该樣SB24275/24273 壳排金	1896	1896				諸口							2026/04/13 02:00:00	该樣SB24275/24273 壳排金	福山支店 整偏	普通預金.pdf	140Fg34UWrvdYC8Gjo1nr1WmmHXHOCnf3	2026-04-12 22:39:11	入金														该樣SB24275/24273 壳排金
2026/01/20	51659	夕			未照合	2026/01/01		諸口		夕	1960	1960				諸口							2026/04/13 02:00:00	夕	壳内10 福山支店 1CB	普通預金.pdf	140Fg34UWrvdYC8Gjo1nr1WmmHXHOCnf3	2026-04-12 22:39:11	入金														夕
2026/01/20	135918	三井住友海上火炎保险滕代理店保手			未照合	2026/01/01		諸口		三井住友海上火炎保险滕代理店保手	1961	1961				諸口							2026/04/13 02:00:00	三井住友海上火炎保险滕代理店保手	笠网信用組合 壳内10 CB	普通預金.pdf	140Fg34UWrvdYC8Gjo1nr1WmmHXHOCnf3	2026-04-12 22:39:11	入金														三井住友海上火炎保险滕代理店保手
2026/01/21	15976987	手形贷付短期借入1,600万四R8/1/ 21R8/2/10			未照合	2026/01/01		諸口		手形贷付短期借入1,600万四R8/1/ 21R8/2/10	1955	1955				諸口							2026/04/13 02:00:00	手形贷付短期借入1,600万四R8/1/ 21R8/2/10	笠网信用組合	普通預金.pdf	140Fg34UWrvdYC8Gjo1nr1WmmHXHOCnf3	2026-04-12 22:39:11	入金														手形贷付短期借入1,600万四R8/1/ 21R8/2/10
2026/01/29	16816940	真栋AMG/GT53.W1K2906612V000			未照合	2026/01/01		諸口		真栋AMG/GT53.W1K2906612V000	2029	2029				諸口							2026/04/13 02:00:00	真栋AMG/GT53.W1K2906612V000	福山支店 車丙	普通預金.pdf	140Fg34UWrvdYC8Gjo1nr1WmmHXHOCnf3	2026-04-12 22:39:11	入金														真栋AMG/GT53.W1K2906612V000
2026/01/30	2579586	12月分			未照合	2026/01/01		諸口		12月分	2046	2046				諸口							2026/04/13 02:00:00	12月分	店岛銀行②	普通預金.pdf	140Fg34UWrvdYC8Gjo1nr1WmmHXHOCnf3	2026-04-12 22:39:11	入金														12月分
2026/01/30	7145050	J樣CH3818/NX35 0h. AAZH201017539			未照合	2026/01/01		諸口		J樣CH3818/NX35 0h. AAZH201017539	2074	2074				諸口							2026/04/13 02:00:00	J樣CH3818/NX35 0h. AAZH201017539	福山支店 車丙	普通預金.pdf	140Fg34UWrvdYC8Gjo1nr1WmmHXHOCnf3	2026-04-12 22:39:11	入金														J樣CH3818/NX35 0h. AAZH201017539
2026/02/01	150000	株橘本商事 (棵A”crews)			未照合	2026/02/01		諸口		株橘本商事 (棵A”crews)	2109	2109				諸口							2026/04/13 02:00:00	株橘本商事 (棵A”crews)	店岛銀行②	普通預金.pdf	140Fg34UWrvdYC8Gjo1nr1WmmHXHOCnf3	2026-04-12 22:39:11	入金														株橘本商事 (棵A”crews)
2026/02/05	3880000	平田悠馬樣CH3821xMx/GLA J234276			未照合	2026/02/01		諸口		平田悠馬樣CH3821xMx/GLA J234276	45	45				諸口							2026/04/13 02:00:00	平田悠馬樣CH3821xMx/GLA J234276		普通預金.pdf	140Fg34UWrvdYC8Gjo1nr1WmmHXHOCnf3	2026-04-12 22:39:11	入金														平田悠馬樣CH3821xMx/GLA J234276
2026/02/05	6370188	飛谷晓儀			未照合	2026/02/01		諸口		飛谷晓儀	2139	2139				諸口							2026/04/13 02:00:00	飛谷晓儀	店岛銀行② 車雨	普通預金.pdf	140Fg34UWrvdYC8Gjo1nr1WmmHXHOCnf3	2026-04-12 22:39:11	入金														飛谷晓儀
2026/02/06	34497840	株一条工務店店岛			未照合	2026/02/01		諸口		株一条工務店店岛	2158	2158				諸口							2026/04/13 02:00:00	株一条工務店店岛	店岛銀行② 車雨	普通預金.pdf	140Fg34UWrvdYC8Gjo1nr1WmmHXHOCnf3	2026-04-12 22:39:11	入金														株一条工務店店岛
2026/02/06	7000000	7樣CH3830” S7XA139313			未照合	2026/02/01		諸口		7樣CH3830” S7XA139313	2173	2173				諸口							2026/04/13 02:00:00	7樣CH3830” S7XA139313	店岛銀行② 車丙	普通預金.pdf	140Fg34UWrvdYC8Gjo1nr1WmmHXHOCnf3	2026-04-12 22:39:11	入金														7樣CH3830” S7XA139313
2026/02/10	5252398	平田嗒郎樣79RS5x球99RA901 251			未照合	2026/02/01		諸口		平田嗒郎樣79RS5x球99RA901 251	2200	2200				諸口							2026/04/13 02:00:00	平田嗒郎樣79RS5x球99RA901 251	岛銀行② 車雨	普通預金.pdf	140Fg34UWrvdYC8Gjo1nr1WmmHXHOCnf3	2026-04-12 22:39:11	入金														平田嗒郎樣79RS5x球99RA901 251
2026/02/12	266516	波未来CH3822			未照合	2026/02/01		諸口		波未来CH3822	2201	2201				諸口							2026/04/13 02:00:00	波未来CH3822	宏岛銀行②	普通預金.pdf	140Fg34UWrvdYC8Gjo1nr1WmmHXHOCnf3	2026-04-12 22:39:11	入金														波未来CH3822
2026/02/12	2085875	三井住友海上火炭保滕SB24019村 上裕二機			未照合	2026/02/01		諸口		三井住友海上火炭保滕SB24019村 上裕二機	2202	2202				諸口							2026/04/13 02:00:00	三井住友海上火炭保滕SB24019村 上裕二機	岛銀行② 整備	普通預金.pdf	140Fg34UWrvdYC8Gjo1nr1WmmHXHOCnf3	2026-04-12 22:39:11	入金														三井住友海上火炭保滕SB24019村 上裕二機
2026/02/12	8900000	7”CH38327RS5SB RA901251			未照合	2026/02/01		諸口		7”CH38327RS5SB RA901251	2227	2227				諸口							2026/04/13 02:00:00	7”CH38327RS5SB RA901251	岛銀行② 車雨	普通預金.pdf	140Fg34UWrvdYC8Gjo1nr1WmmHXHOCnf3	2026-04-12 22:39:11	入金														7”CH38327RS5SB RA901251
2026/02/13	170330	(2025/12/29返却分）			未照合	2026/02/01		諸口		(2025/12/29返却分）	2235	2235				諸口							2026/04/13 02:00:00	(2025/12/29返却分）	FWD富士生命 本社 笠网信用組合	普通預金.pdf	140Fg34UWrvdYC8Gjo1nr1WmmHXHOCnf3	2026-04-12 22:39:11	入金														(2025/12/29返却分）
2026/02/16	623025	中银力-”VISA网森信介樣SB24405			未照合	2026/02/01		諸口		中银力-”VISA网森信介樣SB24405	33	33				諸口							2026/04/13 02:00:00	中银力-”VISA网森信介樣SB24405		普通預金.pdf	140Fg34UWrvdYC8Gjo1nr1WmmHXHOCnf3	2026-04-12 22:39:11	入金														中银力-”VISA网森信介樣SB24405
2026/02/16	900	受取利息			未照合	2026/02/01		諸口		受取利息	2266	2266				諸口							2026/04/13 02:00:00	受取利息	中国銀行 预金利息12 本社 壳非課税	普通預金.pdf	140Fg34UWrvdYC8Gjo1nr1WmmHXHOCnf3	2026-04-12 22:39:11	入金														受取利息
2026/02/16	273541	中银力一 JCB金尾惠太北村英俊 野识健			未照合	2026/02/01		諸口		中银力一 JCB金尾惠太北村英俊 野识健	2268	2268				諸口							2026/04/13 02:00:00	中银力一 JCB金尾惠太北村英俊 野识健	中国銀行	普通預金.pdf	140Fg34UWrvdYC8Gjo1nr1WmmHXHOCnf3	2026-04-12 22:39:11	入金														中银力一 JCB金尾惠太北村英俊 野识健
2026/02/16	2551	受取利息			未照合	2026/02/01		諸口		受取利息	2269	2269				諸口							2026/04/13 02:00:00	受取利息	壳非課税 本社 9福山支店 预金利息12	普通預金.pdf	140Fg34UWrvdYC8Gjo1nr1WmmHXHOCnf3	2026-04-12 22:39:11	入金														受取利息
2026/02/16	2200	株樣 SB24401			未照合	2026/02/01		諸口		株樣 SB24401	2270	2270				諸口							2026/04/13 02:00:00	株樣 SB24401	福山支店 整偏	普通預金.pdf	140Fg34UWrvdYC8Gjo1nr1WmmHXHOCnf3	2026-04-12 22:39:11	入金														株樣 SB24401
2026/02/17	155404	三井住友海上火炎保院滕代理店保院手			未照合	2026/02/01		諸口		三井住友海上火炎保院滕代理店保院手	2286	2286				諸口							2026/04/13 02:00:00	三井住友海上火炎保院滕代理店保院手	笠网信用組合 CB 壳内10	普通預金.pdf	140Fg34UWrvdYC8Gjo1nr1WmmHXHOCnf3	2026-04-12 22:39:11	入金														三井住友海上火炎保院滕代理店保院手
2026/02/20	254857	3,564, 031 254,857			未照合	2026/02/01		諸口		3,564, 031 254,857	21	21				諸口							2026/04/13 02:00:00	3,564, 031 254,857		普通預金.pdf	140Fg34UWrvdYC8Gjo1nr1WmmHXHOCnf3	2026-04-12 22:39:11	入金														3,564, 031 254,857
2026/02/22	61	决算利息			未照合	2026/02/01		諸口		决算利息	2327	2327				諸口							2026/04/13 02:00:00	决算利息	店岛信用金库	普通預金.pdf	140Fg34UWrvdYC8Gjo1nr1WmmHXHOCnf3	2026-04-12 22:39:11	入金														决算利息
2026/02/24	9765	三井住友海上日動火炎保险自暗责			未照合	2026/02/01		諸口		三井住友海上日動火炎保险自暗责	2321	2321				諸口							2026/04/13 02:00:00	三井住友海上日動火炎保险自暗责	の他 宏岛銀行②	普通預金.pdf	140Fg34UWrvdYC8Gjo1nr1WmmHXHOCnf3	2026-04-12 22:39:11	入金														三井住友海上日動火炎保险自暗责
2026/02/27	10621880	/工X卜LR/RR. SALGA2AK8NA466843			未照合	2026/02/01		諸口		/工X卜LR/RR. SALGA2AK8NA466843	2342	2342				諸口							2026/04/13 02:00:00	/工X卜LR/RR. SALGA2AK8NA466843	&R 店岛銀行②	普通預金.pdf	140Fg34UWrvdYC8Gjo1nr1WmmHXHOCnf3	2026-04-12 22:39:11	入金														/工X卜LR/RR. SALGA2AK8NA466843
2026/02/27	768002	中銀- VISA			未照合	2026/02/01		諸口		中銀- VISA	2346	2346				諸口							2026/04/13 02:00:00	中銀- VISA	中国銀行	普通預金.pdf	140Fg34UWrvdYC8Gjo1nr1WmmHXHOCnf3	2026-04-12 22:39:11	入金														中銀- VISA
2026/02/27	184049	中銀- JCB			未照合	2026/02/01		諸口		中銀- JCB	2347	2347				諸口							2026/04/13 02:00:00	中銀- JCB	中国銀行	普通預金.pdf	140Fg34UWrvdYC8Gjo1nr1WmmHXHOCnf3	2026-04-12 22:39:11	入金														中銀- JCB
2026/02/27	66660	有n-樣SB24441			未照合	2026/02/01		諸口		有n-樣SB24441	2349	2349				諸口							2026/04/13 02:00:00	有n-樣SB24441	中国銀行 整備	普通預金.pdf	140Fg34UWrvdYC8Gjo1nr1WmmHXHOCnf3	2026-04-12 22:39:11	入金														有n-樣SB24441
2026/02/27	180442	1月分			未照合	2026/02/01		諸口		1月分	2427	2427				諸口							2026/04/13 02:00:00	1月分	店岛銀行②	普通預金.pdf	140Fg34UWrvdYC8Gjo1nr1WmmHXHOCnf3	2026-04-12 22:39:11	入金														1月分
2026/02/28	500000	株材樣ZN6CW82C007437795			未照合	2026/02/01		諸口		株材樣ZN6CW82C007437795	2411	2411				諸口							2026/04/13 02:00:00	株材樣ZN6CW82C007437795	店岛銀行②	普通預金.pdf	140Fg34UWrvdYC8Gjo1nr1WmmHXHOCnf3	2026-04-12 22:39:11	入金														株材樣ZN6CW82C007437795
2026/03/03	8000000	章藤誠樣 d 006754			未照合	2026/03/01		諸口		章藤誠樣 d 006754	2419	2419				諸口							2026/04/13 02:00:00	章藤誠樣 d 006754	店岛銀行② 車雨	普通預金.pdf	140Fg34UWrvdYC8Gjo1nr1WmmHXHOCnf3	2026-04-12 22:39:11	入金														章藤誠樣 d 006754
2026/03/09	3754	受取利息 銀			未照合	2026/03/01		諸口		受取利息 銀	13	13				諸口							2026/04/13 02:00:00	受取利息 銀		普通預金.pdf	140Fg34UWrvdYC8Gjo1nr1WmmHXHOCnf3	2026-04-12 22:39:11	入金														受取利息 銀
2026/03/09	3026	笠信 决算利息			未照合	2026/03/01		諸口		笠信 决算利息	2465	2465				諸口							2026/04/13 02:00:00	笠信 决算利息	笠网信用組合	普通預金.pdf	140Fg34UWrvdYC8Gjo1nr1WmmHXHOCnf3	2026-04-12 22:39:11	入金														笠信 决算利息
2026/03/09	3000000	当			未照合	2026/03/01		諸口		当	2481	2481				諸口							2026/04/13 02:00:00	当	笠网信用組合	普通預金.pdf	140Fg34UWrvdYC8Gjo1nr1WmmHXHOCnf3	2026-04-12 22:39:11	入金														当
2026/03/10	150000	株橘本商事 （A’ crews)			未照合	2026/03/01		諸口		株橘本商事 （A’ crews)	39	39				諸口							2026/04/13 02:00:00	株橘本商事 （A’ crews)		普通預金.pdf	140Fg34UWrvdYC8Gjo1nr1WmmHXHOCnf3	2026-04-12 22:39:11	入金														株橘本商事 （A’ crews)
2026/03/11	32676781	手形贷付短期借入3.300万巴R8/3/ 11R8/7/31			未照合	2026/03/01		諸口		手形贷付短期借入3.300万巴R8/3/ 11R8/7/31	2590	2590				諸口							2026/04/13 02:00:00	手形贷付短期借入3.300万巴R8/3/ 11R8/7/31	笠网信用組合	普通預金.pdf	140Fg34UWrvdYC8Gjo1nr1WmmHXHOCnf3	2026-04-12 22:39:11	入金														手形贷付短期借入3.300万巴R8/3/ 11R8/7/31
2026/03/12	401860	7MB/G,W1N4653102X0 06860			未照合	2026/03/01		諸口		7MB/G,W1N4653102X0 06860	2530	2530				諸口							2026/04/13 02:00:00	7MB/G,W1N4653102X0 06860	店岛銀行②	普通預金.pdf	140Fg34UWrvdYC8Gjo1nr1WmmHXHOCnf3	2026-04-12 22:39:11	入金														7MB/G,W1N4653102X0 06860
2026/03/16	380712	中銀- JCB			未照合	2026/03/01		諸口		中銀- JCB	2565	2565				諸口							2026/04/13 02:00:00	中銀- JCB	整備 中国銀行	普通預金.pdf	140Fg34UWrvdYC8Gjo1nr1WmmHXHOCnf3	2026-04-12 22:39:11	入金														中銀- JCB
2026/03/16	117612	中銀- VISA			未照合	2026/03/01		諸口		中銀- VISA	2566	2566				諸口							2026/04/13 02:00:00	中銀- VISA	中国銀行	普通預金.pdf	140Fg34UWrvdYC8Gjo1nr1WmmHXHOCnf3	2026-04-12 22:39:11	入金														中銀- VISA
2026/03/16	194799	三井住友海上火淡保代理店保院手			未照合	2026/03/01		諸口		三井住友海上火淡保代理店保院手	2567	2567				諸口							2026/04/13 02:00:00	三井住友海上火淡保代理店保院手	笠网信用組合 壳内10 CB	普通預金.pdf	140Fg34UWrvdYC8Gjo1nr1WmmHXHOCnf3	2026-04-12 22:39:11	入金														三井住友海上火淡保代理店保院手
2026/03/18	9283350	C006754			未照合	2026/03/01		諸口		C006754	2575	2575				諸口							2026/04/13 02:00:00	C006754	店岛銀行② 車雨	普通預金.pdf	140Fg34UWrvdYC8Gjo1nr1WmmHXHOCnf3	2026-04-12 22:39:11	入金														C006754
2026/03/24	9882700	小保英夫樣Grecale Trofeo			未照合	2026/03/01		諸口		小保英夫樣Grecale Trofeo	11	11				諸口							2026/04/13 02:00:00	小保英夫樣Grecale Trofeo		普通預金.pdf	140Fg34UWrvdYC8Gjo1nr1WmmHXHOCnf3	2026-04-12 22:39:11	入金														小保英夫樣Grecale Trofeo
2026/03/25	300000	職业安定所助成金(滕本吉则分)			未照合	2026/03/01		諸口		職业安定所助成金(滕本吉则分)	2611	2611				諸口							2026/04/13 02:00:00	職业安定所助成金(滕本吉则分)	笠网信用組合	普通預金.pdf	140Fg34UWrvdYC8Gjo1nr1WmmHXHOCnf3	2026-04-12 22:39:11	入金														職业安定所助成金(滕本吉则分)
2026/03/27	69041	层L利息手形贷付短期借入3,300 万四R8/3/28-R8/7/31			未照合	2026/03/01		諸口		层L利息手形贷付短期借入3,300 万四R8/3/28-R8/7/31	33	33				諸口							2026/04/13 02:00:00	层L利息手形贷付短期借入3,300 万四R8/3/28-R8/7/31		普通預金.pdf	140Fg34UWrvdYC8Gjo1nr1WmmHXHOCnf3	2026-04-12 22:39:11	入金														层L利息手形贷付短期借入3,300 万四R8/3/28-R8/7/31
2026/03/30	2000000	該当)			未照合	2026/03/01		諸口		該当)	2675	2675				諸口							2026/04/13 02:00:00	該当)	中国銀行	普通預金.pdf	140Fg34UWrvdYC8Gjo1nr1WmmHXHOCnf3	2026-04-12 22:39:11	入金														該当)
2026/03/30	1000000	該当)			未照合	2026/03/01		諸口		該当)	2681	2681				諸口							2026/04/13 02:00:00	該当)	中国銀行	普通預金.pdf	140Fg34UWrvdYC8Gjo1nr1WmmHXHOCnf3	2026-04-12 22:39:11	入金														該当)
2026/03/31	1457088	該当）			未照合	2026/03/01		諸口		該当）	2696	2696				諸口							2026/04/13 02:00:00	該当）	岛銀行②	普通預金.pdf	140Fg34UWrvdYC8Gjo1nr1WmmHXHOCnf3	2026-04-12 22:39:11	入金														該当）
2026/03/31	258698	当JCB			未照合	2026/03/01		諸口		当JCB	2701	2701				諸口							2026/04/13 02:00:00	当JCB	中国銀行	普通預金.pdf	140Fg34UWrvdYC8Gjo1nr1WmmHXHOCnf3	2026-04-12 22:39:11	入金														当JCB
2026/03/31	508157	該当VIS			未照合	2026/03/01		諸口		該当VIS	2702	2702				諸口							2026/04/13 02:00:00	該当VIS	中国銀行	普通預金.pdf	140Fg34UWrvdYC8Gjo1nr1WmmHXHOCnf3	2026-04-12 22:39:11	入金														該当VIS
2026/04/01	66850	該当なし カ)ナルネットコミュニケーションズ			未照合	2026/04/01		諸口		該当なし カ)ナルネットコミュニケーションズ	2700	2700				諸口							2026/04/13 02:00:00	該当なし カ)ナルネットコミュニケーションズ	広島(蔵王)	総勘定元帳.pdf	1tNncohzygqpPZSJ7uB49WdhZJACRN2aW	2026-04-12 22:37:56	入金														該当なし カ)ナルネットコミュニケーションズ
2026/04/02	27280	(有)ナイガイグローバーベース様 SB24484			未照合	2026/04/01		諸口		(有)ナイガイグローバーベース様 SB24484	2707	2707				諸口							2026/04/13 02:00:00	(有)ナイガイグローバーベース様 SB24484	広島(蔵王) 整備	総勘定元帳.pdf	1tNncohzygqpPZSJ7uB49WdhZJACRN2aW	2026-04-12 22:37:56	入金														(有)ナイガイグローバーベース様 SB24484
2026/04/03	70000	該当なし トウキョウカイジョウニチド 4322			未照合	2026/04/01		諸口		該当なし トウキョウカイジョウニチド 4322	2722	2722				諸口							2026/04/13 02:00:00	該当なし トウキョウカイジョウニチド 4322	広島(蔵王)	総勘定元帳.pdf	1tNncohzygqpPZSJ7uB49WdhZJACRN2aW	2026-04-12 22:37:56	入金														該当なし トウキョウカイジョウニチド 4322
2026/04/06	99000	安保雅文様 SB24521			未照合	2026/04/01		諸口		安保雅文様 SB24521	2741	2741				諸口							2026/04/13 02:00:00	安保雅文様 SB24521	広島(蔵王) 整備	総勘定元帳4.9.2.pdf	1zBnVnFk2_NrcMNTM2q_4Nq1sRPq3sH65	2026-04-13 01:11:36	入金														安保雅文様 SB24521
2026/04/07	1150000	該当なし ミツイスミトモカイジョウB			未照合	2026/04/01		諸口		該当なし ミツイスミトモカイジョウB	2746	2746				諸口							2026/04/13 02:00:00	該当なし ミツイスミトモカイジョウB	広島(蔵王)	総勘定元帳4.9.2.pdf	1zBnVnFk2_NrcMNTM2q_4Nq1sRPq3sH65	2026-04-13 01:11:36	入金														該当なし ミツイスミトモカイジョウB
2026/04/08	302670	該当なし サンエイセキユ(カ			未照合	2026/04/01		諸口		該当なし サンエイセキユ(カ	2747	2747				諸口							2026/04/13 02:00:00	該当なし サンエイセキユ(カ	広島(蔵王)	総勘定元帳4.9.2.pdf	1zBnVnFk2_NrcMNTM2q_4Nq1sRPq3sH65	2026-04-13 01:11:36	入金														該当なし サンエイセキユ(カ
2026/04/09	150000	㈱橋本商事 (㈱A' crews)			未照合	2026/04/01		諸口		㈱橋本商事 (㈱A' crews)	2758	2758				諸口							2026/04/13 02:00:00	㈱橋本商事 (㈱A' crews)	広島銀行② その他	総勘定元帳4.10.1.pdf	1_zb2ubeaVHY3bbRQ7OQS0oc9PKNIV8jS	2026-04-13 01:11:51	入金														㈱橋本商事 (㈱A' crews)
2026/04/09	25000	土肥良太郎様 CH3536			未照合	2026/04/01		諸口		土肥良太郎様 CH3536	2779	2779				諸口							2026/04/13 02:00:00	土肥良太郎様 CH3536	広島(蔵王) 土肥良太郎	総勘定元帳4.10.2.pdf	15W6up1_VqXgUa3yv124cSQDtCBSVedGo	2026-04-12 22:38:37	入金														土肥良太郎様 CH3536
2026/04/10	159158	該当なし プレミア(カ			未照合	2026/04/01		諸口		該当なし プレミア(カ	2767	2767				諸口							2026/04/13 02:00:00	該当なし プレミア(カ	広島銀行②	総勘定元帳4.10.1.pdf	1_zb2ubeaVHY3bbRQ7OQS0oc9PKNIV8jS	2026-04-13 01:11:51	入金														該当なし プレミア(カ
2026/04/10	79577	該当なし プレミア(カ			未照合	2026/04/01		諸口		該当なし プレミア(カ	2768	2768				諸口							2026/04/13 02:00:00	該当なし プレミア(カ	広島銀行②	総勘定元帳4.10.1.pdf	1_zb2ubeaVHY3bbRQ7OQS0oc9PKNIV8jS	2026-04-13 01:11:51	入金														該当なし プレミア(カ
2026/04/10	104643	㈱ウェルテック様 SB24486			未照合	2026/04/01		諸口		㈱ウェルテック様 SB24486	2771	2771				諸口							2026/04/13 02:00:00	㈱ウェルテック様 SB24486	広島(蔵王) 整備	総勘定元帳4.10.2.pdf	15W6up1_VqXgUa3yv124cSQDtCBSVedGo	2026-04-12 22:38:37	入金														㈱ウェルテック様 SB24486
2026/04/10	57700	(有)ユグ・レイ様 SB24548/24461			未照合	2026/04/01		諸口		(有)ユグ・レイ様 SB24548/24461	2772	2772				諸口							2026/04/13 02:00:00	(有)ユグ・レイ様 SB24548/24461	広島(蔵王)	総勘定元帳4.10.2.pdf	15W6up1_VqXgUa3yv124cSQDtCBSVedGo	2026-04-12 22:38:37	入金														(有)ユグ・レイ様 SB24548/24461
