Y		140Fg34UWrvdYC8Gjo1nr1WmmHXHOCnf3	普通預金.pdf	36	2011	2026-01-26	43395	ｿﾌﾄﾊﾞﾝｸ㈱ 12月分 ｿﾌﾄﾊﾞﾝｸ㈱ 12月分	広島銀行② 本社 仕共内10	通信費	embedded_text
Y		140Fg34UWrvdYC8Gjo1nr1WmmHXHOCnf3	普通預金.pdf	36	2012	2026-01-26	5000	飛谷暁儀様 希望番号 福山340と118 飛谷暁儀様 希望番号 福山340と118	広島銀行② 預かり法定費用	預り金	embedded_text
Y		140Fg34UWrvdYC8Gjo1nr1WmmHXHOCnf3	普通預金.pdf	36	2014	2026-01-26	1880000	車両代支払 車両代支払	広島銀行② 橋本商事	買掛金	embedded_text
Y		140Fg34UWrvdYC8Gjo1nr1WmmHXHOCnf3	普通預金.pdf	36	2022	2026-01-27	12980	USS支払手数料 USS支払手数料	中国銀行 CB 仕課内10	オークション手数	embedded_text
Y		140Fg34UWrvdYC8Gjo1nr1WmmHXHOCnf3	普通預金.pdf	36	2023	2026-01-27	4620	ｶｰｾﾌﾞﾝﾃﾞｼﾞﾌｨｰﾙﾄﾞ ｲﾝｽﾏｰﾄｼｽﾃﾑ ｶｰｾﾌﾞﾝﾃﾞｼﾞﾌｨｰﾙﾄﾞ ｲﾝｽﾏｰﾄｼｽﾃﾑ	もみじ福山支店 CB 仕課内10	業務委託費	embedded_text
Y		140Fg34UWrvdYC8Gjo1nr1WmmHXHOCnf3	普通預金.pdf	36	2024	2026-01-27	6015	ﾁｭｰﾘｯﾋ生命様 ﾁｭｰﾘｯﾋ生命様	もみじ福山支店 その他34 本社	支払保険料	embedded_text
Y		140Fg34UWrvdYC8Gjo1nr1WmmHXHOCnf3	普通預金.pdf	36	2025	2026-01-27	27293	ｵﾘｺ ｶｰｻ ｺﾋﾟｰ機 ｵﾘｺ ｶｰｻ ｺﾋﾟｰ機	もみじ福山支店 オリコ複合機31 ｶｰｻ岡山-車両 仕課内8	リース料（販）	embedded_text
Y		140Fg34UWrvdYC8Gjo1nr1WmmHXHOCnf3	普通預金.pdf	36	2026	2026-01-27	58201	あんしん生命 あんしん生命	もみじ福山支店 あんしん生命34 本社	支払保険料	embedded_text
Y		140Fg34UWrvdYC8Gjo1nr1WmmHXHOCnf3	普通預金.pdf	36	2028	2026-01-27	99000	オリコ.JCM/ジョーカー利用料 オリコ.JCM/ジョーカー利用料	もみじ福山支店 ジョーカー利用料本社 仕共内10	IT費	embedded_text
Y		140Fg34UWrvdYC8Gjo1nr1WmmHXHOCnf3	普通預金.pdf	36	2031	2026-01-27	67440	本社 賃借料 住吉町家賃（三和	吉町家賃 もみじ福山支店	DF.ア－クシステムSP 三和地所様 住 諸口	embedded_text
Y		140Fg34UWrvdYC8Gjo1nr1WmmHXHOCnf3	普通預金.pdf	36	2029	2026-01-28	16816940	21,173,011 504	もみじ福山支店 車両	ｵﾘｺ 一真様 AMG/GT53.W1K2906612V000 ｵﾘｺ 一真様 AMG/GT53.W1K2906612V000 01/29 売掛金	embedded_text
Y		140Fg34UWrvdYC8Gjo1nr1WmmHXHOCnf3	普通預金.pdf	36	2030	2026-01-28	24000	笠信 収入印紙 笠信 収入印紙	笠岡信用組合 印紙 本社	租税公課	embedded_text
Y		140Fg34UWrvdYC8Gjo1nr1WmmHXHOCnf3	普通預金.pdf	36	2034	2026-01-28	31830		ﾗｳﾞｨｱﾝ様 樋口直様 中国銀行	三井住友海上火災保険㈱ 自賠責 ㈱ｻﾝ 諸口	embedded_text
Y		140Fg34UWrvdYC8Gjo1nr1WmmHXHOCnf3	普通預金.pdf	36	2035	2026-01-28	949997		） ） 笠岡信用組合 支払利息34 本社	笠信 支払利息 手形借入利息（5件分 笠信 支払利息 手形借入利息（5件分 01/30 支払利息	embedded_text
N	Y	140Fg34UWrvdYC8Gjo1nr1WmmHXHOCnf3	普通預金.pdf	36	2037	2026-01-28	3000000	もみじより広銀本社へ資金移動 もみじより広銀本社へ資金移動	広島銀行② もみじ福山支店	普通預金	embedded_text
Y		140Fg34UWrvdYC8Gjo1nr1WmmHXHOCnf3	普通預金.pdf	36	2046	2026-01-28	2579586	㈱ｺﾝｸｴｽﾄ 12月分	広島銀行②	諸口	embedded_text
Y		140Fg34UWrvdYC8Gjo1nr1WmmHXHOCnf3	普通預金.pdf	36	2047	2026-01-28	304836	原材料・仕掛品	ﾟﾘﾝｽ広島販売㈱ 広島銀行②	岡田祥平GT-R.080711車検外注費 日産ﾌ 諸口	embedded_text
Y		140Fg34UWrvdYC8Gjo1nr1WmmHXHOCnf3	普通預金.pdf	36	2067	2026-01-28	200000		ﾀﾞｲﾔﾓﾝﾄﾞ.ｸﾞﾙｰﾌﾟ ﾀﾞｲﾔﾓﾝﾄﾞ.ｸﾞﾙｰﾌﾟ 広島銀行② 車両	㈱一真GT53 .000504 ﾌﾙﾗｯﾋﾟﾝｸﾞ代 ㈱ ㈱一真GT53 .000504 ﾌﾙﾗｯﾋﾟﾝｸﾞ代 ㈱ 買掛金	embedded_text
Y		140Fg34UWrvdYC8Gjo1nr1WmmHXHOCnf3	普通預金.pdf	36	2068	2026-01-28	709913	21,556,021 0789	広島銀行② 車両	ﾆｭｰｽｲ商事㈱ ﾎﾟﾙｼｪ/ﾏｶﾝ.WP1ZZZ95ZMLB1 ﾆｭｰｽｲ商事㈱ ﾎﾟﾙｼｪ/ﾏｶﾝ.WP1ZZZ95ZMLB1 買掛金	embedded_text
Y		140Fg34UWrvdYC8Gjo1nr1WmmHXHOCnf3	普通預金.pdf	36	2070	2026-01-28	212330		費 費 中国銀行 その他 本社 仕共内10	㈱ﾄﾐﾔｺｰﾎﾟﾚｰｼｮﾝ 弊社ｸﾞﾗﾝﾄﾞｵｰﾌﾟﾝ設営 ㈱ﾄﾐﾔｺｰﾎﾟﾚｰｼｮﾝ 弊社ｸﾞﾗﾝﾄﾞｵｰﾌﾟﾝ設営 販売促進費	embedded_text
Y		140Fg34UWrvdYC8Gjo1nr1WmmHXHOCnf3	普通預金.pdf	36	2074	2026-01-28	7145050		0h.AAZH20-1017539 0h.AAZH20-1017539 もみじ福山支店 車両	ｵﾘｺ Jｺｰﾎﾟﾚｰｼｮﾝ様 CH3818 ﾚｸｻｽ/NX35 ｵﾘｺ Jｺｰﾎﾟﾚｰｼｮﾝ様 CH3818 ﾚｸｻｽ/NX35 売掛金	embedded_text
Y		140Fg34UWrvdYC8Gjo1nr1WmmHXHOCnf3	普通預金.pdf	36	2076	2026-01-28	22000		との会食 との会食 もみじ福山支店 その他 本社 仕共内10	和処なかくし 12月分 柳本社長ご夫妻 和処なかくし 12月分 柳本社長ご夫妻 交際費	embedded_text
Y		140Fg34UWrvdYC8Gjo1nr1WmmHXHOCnf3	普通預金.pdf	36	2077	2026-01-28	6647	佐川急便㈱ 12月分 佐川急便㈱ 12月分	広島銀行② CB 仕課内10	荷造包装費	embedded_text
Y		140Fg34UWrvdYC8Gjo1nr1WmmHXHOCnf3	普通預金.pdf	36	2078	2026-01-28	23078	ｴﾇｼﾞｪｲﾋﾞｨ事業協同組合 12月分 ｴﾇｼﾞｪｲﾋﾞｨ事業協同組合 12月分	広島銀行② CB 仕課内10	業務委託費	embedded_text
Y		140Fg34UWrvdYC8Gjo1nr1WmmHXHOCnf3	普通預金.pdf	37	2079	2026-01-30	10280	㈲AIｸﾘｰﾝｻｰﾋﾞｽ 12月分 ㈲AIｸﾘｰﾝｻｰﾋﾞｽ 12月分	広島銀行② AIクリーン31 CB-整備 仕課内10	事務所維持費	embedded_text
Y		140Fg34UWrvdYC8Gjo1nr1WmmHXHOCnf3	普通預金.pdf	37	2080	2026-01-30	136668	㈱ｽﾀｯﾌｻｰﾋﾞｽ 12月分 ㈱ｽﾀｯﾌｻｰﾋﾞｽ 12月分	広島銀行② 本社 仕共内10	業務委託費	embedded_text
Y		140Fg34UWrvdYC8Gjo1nr1WmmHXHOCnf3	普通預金.pdf	37	2081	2026-01-30	8520		広島銀行② 本社 対象外	広島ﾚﾝﾀｶｰ協会 令和７年会費 第4期 広島ﾚﾝﾀｶｰ協会 令和７年会費 第4期 諸会費	embedded_text
Y		140Fg34UWrvdYC8Gjo1nr1WmmHXHOCnf3	普通預金.pdf	37	2082	2026-01-30	8605	㈱野田商店 12月分 ㈱野田商店 12月分	広島銀行② 来客時経費31 CB 軽仕課内8	販売促進費	embedded_text
Y		140Fg34UWrvdYC8Gjo1nr1WmmHXHOCnf3	普通預金.pdf	37	2083	2026-01-30	5500	㈱ﾌﾛｰﾘｽﾄもん 12月分 ㈱ﾌﾛｰﾘｽﾄもん 12月分	広島銀行② その他 CB 仕課内10	事務所維持費	embedded_text
Y		140Fg34UWrvdYC8Gjo1nr1WmmHXHOCnf3	普通預金.pdf	37	2084	2026-01-30	41800	㈱ﾘｸﾙーﾄｶｰｾﾝｻｰ 12月分 ㈱ﾘｸﾙーﾄｶｰｾﾝｻｰ 12月分	広島銀行② カーセンサー費用CB 仕課内10	IT費	embedded_text
Y		140Fg34UWrvdYC8Gjo1nr1WmmHXHOCnf3	普通預金.pdf	37	2085	2026-01-30	57310		月分 月分 広島銀行② その他 CB 仕課内10	㈱ﾛﾎﾟﾛﾃﾞｻﾞｲﾝ DMﾊｶﾞｷ作成、印刷費 12 ㈱ﾛﾎﾟﾛﾃﾞｻﾞｲﾝ DMﾊｶﾞｷ作成、印刷費 12 広告宣伝費	embedded_text
Y		140Fg34UWrvdYC8Gjo1nr1WmmHXHOCnf3	普通預金.pdf	37	2086	2026-01-30	9900	ﾜｰﾙﾄﾞﾕｰﾃｨﾘﾃｨ㈱ 12月分 ﾜｰﾙﾄﾞﾕｰﾃｨﾘﾃｨ㈱ 12月分	広島銀行② ﾜｰﾙﾄﾞﾕｰﾃｨﾘﾃｨ 本社 仕共内10	IT費	embedded_text
Y		140Fg34UWrvdYC8Gjo1nr1WmmHXHOCnf3	普通預金.pdf	37	2087	2026-01-30	95040	ｱﾐｭｰｽﾞ 12月分 ｱﾐｭｰｽﾞ 12月分	広島銀行② 車両	買掛金	embedded_text
Y		140Fg34UWrvdYC8Gjo1nr1WmmHXHOCnf3	普通預金.pdf	37	2088	2026-01-30	243210	ｳﾙﾄｼﾞｬﾊﾟﾝ㈱ 12月分 ｳﾙﾄｼﾞｬﾊﾟﾝ㈱ 12月分	広島銀行② 車両	買掛金	embedded_text
Y		140Fg34UWrvdYC8Gjo1nr1WmmHXHOCnf3	普通預金.pdf	37	2089	2026-01-30	36377	㈲清水自動車ｶﾞﾗｽ 12月分 ㈲清水自動車ｶﾞﾗｽ 12月分	広島銀行② 車両	買掛金	embedded_text
Y		140Fg34UWrvdYC8Gjo1nr1WmmHXHOCnf3	普通預金.pdf	37	2090	2026-01-30	88883	東邦自動車㈱ 12月分 東邦自動車㈱ 12月分	広島銀行② 車両	買掛金	embedded_text
Y		140Fg34UWrvdYC8Gjo1nr1WmmHXHOCnf3	普通預金.pdf	37	2091	2026-01-30	179433	㈱福山自動車用品商会 12月分 ㈱福山自動車用品商会 12月分	広島銀行② 車両	買掛金	embedded_text
Y		140Fg34UWrvdYC8Gjo1nr1WmmHXHOCnf3	普通預金.pdf	37	2092	2026-01-30	1056	㈱ﾖｺﾊﾏﾀｲﾔｼﾞｬﾊﾟﾝ 12月分 ㈱ﾖｺﾊﾏﾀｲﾔｼﾞｬﾊﾟﾝ 12月分	広島銀行② 車両	買掛金	embedded_text
Y		140Fg34UWrvdYC8Gjo1nr1WmmHXHOCnf3	普通預金.pdf	37	2093	2026-01-30	18465	ﾘｺｰｼﾞｬﾊﾟﾝ㈱ 12月分 ﾘｺｰｼﾞｬﾊﾟﾝ㈱ 12月分	中国銀行 ﾘｺｰ 本社 仕共内10	事務所維持費	embedded_text
Y		140Fg34UWrvdYC8Gjo1nr1WmmHXHOCnf3	普通預金.pdf	37	2094	2026-01-30	162580	ｶｰﾋﾞｭｰﾃｨｰｱｲｽﾞ 12月分 買掛金 車両	中国銀行	諸口	embedded_text
Y		140Fg34UWrvdYC8Gjo1nr1WmmHXHOCnf3	普通預金.pdf	37	2095	2026-01-30	30162	㈱金辺商会 12月分 ㈱金辺商会 12月分	中国銀行 車両	買掛金	embedded_text
Y		140Fg34UWrvdYC8Gjo1nr1WmmHXHOCnf3	普通預金.pdf	37	2096	2026-01-30	11550	小山自動車 12月分 買掛金 車両	中国銀行	諸口	embedded_text
Y		140Fg34UWrvdYC8Gjo1nr1WmmHXHOCnf3	普通預金.pdf	37	2108	2026-01-30	285512	桒原裕樹 賞与 桒原裕樹 賞与	広島銀行② 給料	未払金	embedded_text
Y		140Fg34UWrvdYC8Gjo1nr1WmmHXHOCnf3	普通預金.pdf	37	2131	2026-01-30	65000	大和ﾘﾋﾞﾝｸﾞ 但井 家賃立替分 2月分 大和ﾘﾋﾞﾝｸﾞ 但井 家賃立替分 2月分	広島銀行② 但井	立替金	embedded_text
Y		140Fg34UWrvdYC8Gjo1nr1WmmHXHOCnf3	普通預金.pdf	37	2132	2026-01-30	160000	ｳﾂﾐ屋証券 CB家賃 2月分 ｳﾂﾐ屋証券 CB家賃 2月分	広島銀行② ウツミ屋証券㈱31 CB 仕課内10	賃借料	embedded_text
Y		140Fg34UWrvdYC8Gjo1nr1WmmHXHOCnf3	普通預金.pdf	37	2133	2026-01-30	165000	吉野ｶﾞﾚｰｼﾞ 2月分家賃 吉野ｶﾞﾚｰｼﾞ 2月分家賃	広島銀行② 吉野ｶﾞﾚｰｼﾞ 本社 免80仕共内10	賃借料	embedded_text
Y		140Fg34UWrvdYC8Gjo1nr1WmmHXHOCnf3	普通預金.pdf	37	2109	2026-02-01	150000	㈱橋本商事 (㈱A’crews) ㈱橋本商事 (㈱A’crews)	広島銀行② その他	売掛金	embedded_text
Y		140Fg34UWrvdYC8Gjo1nr1WmmHXHOCnf3	普通預金.pdf	37	2110	2026-02-02	31452	もみじ 融資利息 もみじ 融資利息	もみじ福山支店 その他	未払金	embedded_text
Y		140Fg34UWrvdYC8Gjo1nr1WmmHXHOCnf3	普通預金.pdf	37	2111	2026-02-02	2200	ﾋﾞｰﾌｨｰﾙﾄﾞ ﾋﾞｰﾌｨｰﾙﾄﾞ	もみじ福山支店 コアシステムス゛本社 仕共内10	事務所維持費	embedded_text
N	Y	140Fg34UWrvdYC8Gjo1nr1WmmHXHOCnf3	普通預金.pdf	37	2113	2026-02-02	6000000	もみじより笠信へ資金移動 もみじより笠信へ資金移動	笠岡信用組合 もみじ福山支店	普通預金	embedded_text
N	Y	140Fg34UWrvdYC8Gjo1nr1WmmHXHOCnf3	普通預金.pdf	38	2113	2026-02-02	6000000	もみじより笠信へ資金移動 もみじより笠信へ資金移動	もみじ福山支店 笠岡信用組合	普通預金	embedded_text
N	Y	140Fg34UWrvdYC8Gjo1nr1WmmHXHOCnf3	普通預金.pdf	38	2114	2026-02-02	6382184	もみじより笠信固定へ資金移動 もみじより笠信固定へ資金移動	もみじ福山支店 笠岡信用	普通預金（固定性	embedded_text
N	Y	140Fg34UWrvdYC8Gjo1nr1WmmHXHOCnf3	普通預金.pdf	38	2126	2026-02-02	400000	現金より広銀本社へ資金移動 現金より広銀本社へ資金移動	広島銀行②	現金	embedded_text
Y		140Fg34UWrvdYC8Gjo1nr1WmmHXHOCnf3	普通預金.pdf	38	2127	2026-02-02	5000	㈱一条工務店様 希望番号 ㈱一条工務店様 希望番号	広島銀行② 預かり法定費用	預り金	embedded_text
N	Y	140Fg34UWrvdYC8Gjo1nr1WmmHXHOCnf3	普通預金.pdf	38	2134	2026-02-02	1200000	広銀蔵王より笠信へ資金移動 広銀蔵王より笠信へ資金移動	笠岡信用組合 広島(蔵王) 本社	普通預金(入金)	embedded_text
Y		140Fg34UWrvdYC8Gjo1nr1WmmHXHOCnf3	普通預金.pdf	38	2138	2026-02-02	750000		ﾀﾞｲﾔﾓﾝﾄﾞ.ｸﾞﾙｰﾌﾟ 残り分 計950,000 ﾀﾞｲﾔﾓﾝﾄﾞ.ｸﾞﾙｰﾌﾟ 残り分 計950,000 広島銀行② 車両	㈱一真GT53 .000504 ﾌﾙﾗｯﾋﾟﾝｸﾞ代 ㈱ ㈱一真GT53 .000504 ﾌﾙﾗｯﾋﾟﾝｸﾞ代 ㈱ 02/04 買掛金	embedded_text
Y		140Fg34UWrvdYC8Gjo1nr1WmmHXHOCnf3	普通預金.pdf	38	2142	2026-02-02	53240	ﾘｺｰﾘｰｽ PCﾘｰｽ料 各店舗 本社 リース料（販） リコーリース31	もみじ福山支店	諸口	embedded_text
Y		140Fg34UWrvdYC8Gjo1nr1WmmHXHOCnf3	普通預金.pdf	38	2144	2026-02-02	150267	長期借入金 笠信 1,500万（R8.1～ 長期借入金 笠信1500万円	笠岡信用組合	諸口	embedded_text
Y		140Fg34UWrvdYC8Gjo1nr1WmmHXHOCnf3	普通預金.pdf	38	2145	2026-02-02	104041	笠信 貸付利息 7000万円 笠信 貸付利息 7000万円	笠岡信用組合 その他	未払金	embedded_text
Y		140Fg34UWrvdYC8Gjo1nr1WmmHXHOCnf3	普通預金.pdf	38	2149	2026-02-02	467620	社会保険料 12月分 未払金 社会保険料	笠岡信用組合	諸口	embedded_text
Y		140Fg34UWrvdYC8Gjo1nr1WmmHXHOCnf3	普通預金.pdf	38	2150	2026-02-02	124940	ﾄﾖﾀﾌｧｲﾅﾝｽ ｶﾞｿﾘﾝ代、他 CB 燃料費 軽油税31	もみじ福山支店	諸口	embedded_text
Y		140Fg34UWrvdYC8Gjo1nr1WmmHXHOCnf3	普通預金.pdf	38	2151	2026-02-02	229315		じより笠信へ引落変更分） じより笠信へ引落変更分） 笠岡信用組合 その他	日本政策金融公庫 利息分（8/29～もみ 日本政策金融公庫 利息分（8/29～もみ 未払金	embedded_text
Y		140Fg34UWrvdYC8Gjo1nr1WmmHXHOCnf3	普通預金.pdf	38	2152	2026-02-02	379860	長期借入金 政策253,000	万 笠岡信用組合	長期借入金 日本政策金融公庫 6,000 諸口	embedded_text
Y		140Fg34UWrvdYC8Gjo1nr1WmmHXHOCnf3	普通預金.pdf	38	2153	2026-02-02	1769955	長期借入金 政策1,179,000	0万 笠岡信用組合	長期借入金 日本政策金融公庫 2億795 諸口	embedded_text
Y		140Fg34UWrvdYC8Gjo1nr1WmmHXHOCnf3	普通預金.pdf	38	2154	2026-02-02	1704691	長期借入金 笠信 2億6,000万 長期借入金 笠信 2600千万	笠岡信用組合	諸口	embedded_text
Y		140Fg34UWrvdYC8Gjo1nr1WmmHXHOCnf3	普通預金.pdf	38	2155	2026-02-02	392900	長期借入金 笠信長期4000保証	会 笠岡信用組合	笠信 長期借入金 4.000万円 保証協 諸口	embedded_text
Y		140Fg34UWrvdYC8Gjo1nr1WmmHXHOCnf3	普通預金.pdf	38	2156	2026-02-02	518563	笠信ｺﾛﾅ 3000（492） 長期借入金 笠信ｺﾛﾅ3000(492)	笠岡信用組合	諸口	embedded_text
Y		140Fg34UWrvdYC8Gjo1nr1WmmHXHOCnf3	普通預金.pdf	38	2181	2026-02-02	104500	未来経営 顧問報酬、他 本社 顧問料	笠岡信用組合	諸口	embedded_text
Y		140Fg34UWrvdYC8Gjo1nr1WmmHXHOCnf3	普通預金.pdf	38	2139	2026-02-05	6370188	プレミア㈱ 飛谷暁儀 プレミア㈱ 飛谷暁儀	広島銀行② 車両	売掛金	embedded_text
Y		140Fg34UWrvdYC8Gjo1nr1WmmHXHOCnf3	普通預金.pdf	38	2140	2026-02-05	3880000		J234276 J234276 広島銀行② 車両	平田悠馬様 CH3821 ﾒﾙｾﾃﾞｽﾍﾞﾝﾂGLAｸﾗｽ 平田悠馬様 CH3821 ﾒﾙｾﾃﾞｽﾍﾞﾝﾂGLAｸﾗｽ 売掛金	embedded_text
N	Y	140Fg34UWrvdYC8Gjo1nr1WmmHXHOCnf3	普通預金.pdf	38	2147	2026-02-05	4090087	広銀本社より笠信固定へ資金移動 広銀本社より笠信固定へ資金移動	広島銀行② 笠岡信用	普通預金（固定性	embedded_text
Y		140Fg34UWrvdYC8Gjo1nr1WmmHXHOCnf3	普通預金.pdf	38	2148	2026-02-05	3779220	㈱ｼｭﾃﾙﾝ近鉄 ㈱ｼｭﾃﾙﾝ近鉄	広島銀行② 車両	買掛金	embedded_text
Y		140Fg34UWrvdYC8Gjo1nr1WmmHXHOCnf3	普通預金.pdf	38	2158	2026-02-06	34497840	㈱一条工務店広島 ㈱一条工務店広島	広島銀行② 車両	売掛金	embedded_text
N	Y	140Fg34UWrvdYC8Gjo1nr1WmmHXHOCnf3	普通預金.pdf	38	2172	2026-02-06	21000000	広銀本社より笠信へ資金移動 広銀本社より笠信へ資金移動	笠岡信用組合 広島銀行②	普通預金	embedded_text
Y		140Fg34UWrvdYC8Gjo1nr1WmmHXHOCnf3	普通預金.pdf	38	2173	2026-02-06	7000000		Sｸﾗｽ A139313 Sｸﾗｽ A139313 広島銀行② 車両	㈱ｶｰｽﾞﾄﾞﾛｯﾌﾟｲﾝ様 CH3830 ﾒﾙｾﾃﾞｽﾍﾞﾝﾂ ㈱ｶｰｽﾞﾄﾞﾛｯﾌﾟｲﾝ様 CH3830 ﾒﾙｾﾃﾞｽﾍﾞﾝﾂ 売掛金	embedded_text
Y		140Fg34UWrvdYC8Gjo1nr1WmmHXHOCnf3	普通預金.pdf	39	2231	2026-02-06	165328	住民税 福山市 預り金 住民税	中国銀行	諸口	embedded_text
Y		140Fg34UWrvdYC8Gjo1nr1WmmHXHOCnf3	普通預金.pdf	39	2175	2026-02-09	1210	手数料 法人IB 手数料 法人IB	広島信用金庫 課税31 本社 仕共内10	支払手数料	embedded_text
N	Y	140Fg34UWrvdYC8Gjo1nr1WmmHXHOCnf3	普通預金.pdf	39	2178	2026-02-09	8000000	もみじより広銀本社へ資金移動 もみじより広銀本社へ資金移動	広島銀行② もみじ福山支店	普通預金	embedded_text
Y		140Fg34UWrvdYC8Gjo1nr1WmmHXHOCnf3	普通預金.pdf	39	2179	2026-02-09	32870000	㈱ｼｭﾃﾙﾝ世田谷 ㈱ｼｭﾃﾙﾝ世田谷	広島銀行② 車両	買掛金	embedded_text
N	Y	140Fg34UWrvdYC8Gjo1nr1WmmHXHOCnf3	普通預金.pdf	39	2183	2026-02-09	550	中銀より広銀本社へ資金移動 手数料 中銀より広銀本社へ資金移動 手数料	中国銀行 課税31 本社 仕共内10	支払手数料	embedded_text
N	Y	140Fg34UWrvdYC8Gjo1nr1WmmHXHOCnf3	普通預金.pdf	39	2190	2026-02-09	500000	中銀より広銀本社へ資金移動 中銀より広銀本社へ資金移動	広島銀行② 中国銀行	普通預金	embedded_text
Y		140Fg34UWrvdYC8Gjo1nr1WmmHXHOCnf3	普通預金.pdf	39	2191	2026-02-10	1650	B-WEB基本手数料 B-WEB基本手数料	広島銀行② 課税31 本社 仕共内10	支払手数料	embedded_text
Y		140Fg34UWrvdYC8Gjo1nr1WmmHXHOCnf3	普通預金.pdf	39	2192	2026-02-10	2530	B-WEB伝送基本手数料 B-WEB伝送基本手数料	広島銀行② 課税31 本社 仕共内10	支払手数料	embedded_text
Y		140Fg34UWrvdYC8Gjo1nr1WmmHXHOCnf3	普通預金.pdf	39	2193	2026-02-10	13145	B-WEB振込手数料 B-WEB振込手数料	広島銀行② 課税31 本社 仕共内10	支払手数料	embedded_text
Y		140Fg34UWrvdYC8Gjo1nr1WmmHXHOCnf3	普通預金.pdf	39	2200	2026-02-10	5252398	31,272,143 251	広島銀行② 車両	平田啓郎様 ｱｳﾃﾞｨRS5ｽﾎﾟｰﾂﾊﾞｯｸ RA901 平田啓郎様 ｱｳﾃﾞｨRS5ｽﾎﾟｰﾂﾊﾞｯｸ RA901 買掛金	embedded_text
Y		140Fg34UWrvdYC8Gjo1nr1WmmHXHOCnf3	普通預金.pdf	39	2205	2026-02-10	3850	FBｻｰﾋﾞｽ手数料 FBｻｰﾋﾞｽ手数料	中国銀行 課税31 本社 仕共内10	支払手数料	embedded_text
Y		140Fg34UWrvdYC8Gjo1nr1WmmHXHOCnf3	普通預金.pdf	39	2206	2026-02-10	1980	振込手数料 振込手数料	もみじ福山支店 課税31 本社 仕共内10	支払手数料	embedded_text
Y		140Fg34UWrvdYC8Gjo1nr1WmmHXHOCnf3	普通預金.pdf	39	2207	2026-02-10	3630	IB手数料 IB手数料	もみじ福山支店 課税31 本社 仕共内10	支払手数料	embedded_text
Y		140Fg34UWrvdYC8Gjo1nr1WmmHXHOCnf3	普通預金.pdf	39	2210	2026-02-10	103160	給与 木本理恵子 1月分 給与 木本理恵子 1月分	もみじ福山支店 給料	未払金	embedded_text
Y		140Fg34UWrvdYC8Gjo1nr1WmmHXHOCnf3	普通預金.pdf	39	2211	2026-02-10	14600	田中賢治様 ﾘｰｽ料 田中賢治様 ﾘｰｽ料	広島銀行② 田中賢治シェア31 CB 免80仕課内10	リース料（販）	embedded_text
Y		140Fg34UWrvdYC8Gjo1nr1WmmHXHOCnf3	普通預金.pdf	39	2212	2026-02-10	100000	銚子部長 銚子部長	広島銀行② NPO法人	仮払金	embedded_text
Y		140Fg34UWrvdYC8Gjo1nr1WmmHXHOCnf3	普通預金.pdf	39	2213	2026-02-10	421381	髙田自動車 1月分 髙田自動車 1月分	広島銀行② 高田	未払金	embedded_text
Y		140Fg34UWrvdYC8Gjo1nr1WmmHXHOCnf3	普通預金.pdf	39	2214	2026-02-10	130000	給与 桒原裕樹 1月分 給与 桒原裕樹 1月分	広島銀行② 給料	未払金	embedded_text
Y		140Fg34UWrvdYC8Gjo1nr1WmmHXHOCnf3	普通預金.pdf	39	2215	2026-02-10	476183	給与 桒原裕樹 1月分 給与 桒原裕樹 1月分	広島銀行② 給料	未払金	embedded_text
Y		140Fg34UWrvdYC8Gjo1nr1WmmHXHOCnf3	普通預金.pdf	39	2216	2026-02-10	700000	橋本祥子取締役 仮受金 橋本祥子取締役 仮受金	笠岡信用組合	仮受金	embedded_text
Y		140Fg34UWrvdYC8Gjo1nr1WmmHXHOCnf3	普通預金.pdf	39	2217	2026-02-10	119282	給与 但井智哉 1月分 給与 但井智哉 1月分	笠岡信用組合 給料	未払金	embedded_text
Y		140Fg34UWrvdYC8Gjo1nr1WmmHXHOCnf3	普通預金.pdf	39	2218	2026-02-10	136152	給与 藤本吉則 1月分 給与 藤本吉則 1月分	笠岡信用組合 給料	未払金	embedded_text
Y		140Fg34UWrvdYC8Gjo1nr1WmmHXHOCnf3	普通預金.pdf	39	2219	2026-02-10	175199	給与 宮崎亜希子 1月分 給与 宮崎亜希子 1月分	笠岡信用組合 給料	未払金	embedded_text
Y		140Fg34UWrvdYC8Gjo1nr1WmmHXHOCnf3	普通預金.pdf	39	2220	2026-02-10	359030	給与 橋本慎吾社長 1月分 給与 橋本慎吾社長 1月分	笠岡信用組合 給料	未払金	embedded_text
Y		140Fg34UWrvdYC8Gjo1nr1WmmHXHOCnf3	普通預金.pdf	40	2221	2026-02-10	3018	ｱｽｸﾙ 1月 ｺﾞﾐ袋乳白半透明、水、他 CB 事務所維持費 その他	広島銀行②	諸口	embedded_text
Y		140Fg34UWrvdYC8Gjo1nr1WmmHXHOCnf3	普通預金.pdf	40	2475	2026-02-10	688827	本社 交際費 その他	会議室利用お礼手土産代､他 広島銀行②	ﾀﾞｲﾅｰｽﾞ 12/17 勉強堂南蔵王店 笠信 諸口	embedded_text
Y		140Fg34UWrvdYC8Gjo1nr1WmmHXHOCnf3	普通預金.pdf	40	2476	2026-02-10	392142	本社 燃料費 カ゛ ソリン代31	ｿﾘﾝ､他 笠岡信用組合	ﾀﾞｲﾅｰｽ 12/16 ENEOSｰSS ﾎﾟﾛ ﾊｲｵｸｶﾞ 諸口	embedded_text
Y		140Fg34UWrvdYC8Gjo1nr1WmmHXHOCnf3	普通預金.pdf	40	2480	2026-02-10	210542	CB-整備 消耗品費 その他	B24364､他 もみじ福山支店	ﾀﾞｲﾅｰｽﾞ 12/15 ﾊﾟｰﾂ販売ﾅﾝﾊﾞｰﾜﾝ ①S 諸口	embedded_text
Y		140Fg34UWrvdYC8Gjo1nr1WmmHXHOCnf3	普通預金.pdf	40	2201	2026-02-12	266516	プレミア㈱ 難波未来 CH3822	広島銀行②	諸口	embedded_text
Y		140Fg34UWrvdYC8Gjo1nr1WmmHXHOCnf3	普通預金.pdf	40	2202	2026-02-12	2085875		上裕二様 上裕二様 広島銀行② 整備	三井住友海上火災保険㈱ SB24019 村 三井住友海上火災保険㈱ SB24019 村 売掛金	embedded_text
Y		140Fg34UWrvdYC8Gjo1nr1WmmHXHOCnf3	普通預金.pdf	40	2224	2026-02-12	4781386	㈱ﾒﾃﾞｨｱﾃｯｸ一心様 ﾍﾞﾝﾂS500 ㈱ﾒﾃﾞｨｱﾃｯｸ一心様 ﾍﾞﾝﾂS500	広島銀行② 車両	買掛金	embedded_text
Y		140Fg34UWrvdYC8Gjo1nr1WmmHXHOCnf3	普通預金.pdf	40	2225	2026-02-12	1518614	㈱ﾌﾟﾚﾐｱ ﾒﾃﾞｨｱﾃｯｸ一心買取残債 ㈱ﾌﾟﾚﾐｱ ﾒﾃﾞｨｱﾃｯｸ一心買取残債	広島銀行② 車両	買掛金	embedded_text
Y		140Fg34UWrvdYC8Gjo1nr1WmmHXHOCnf3	普通預金.pdf	40	2227	2026-02-12	8900000		RA901251 RA901251 広島銀行② 車両	㈱ｶｰｽﾞﾄﾞﾛｯﾌﾟｲﾝ CH3832 ｱｳﾃﾞｨRS5SB ㈱ｶｰｽﾞﾄﾞﾛｯﾌﾟｲﾝ CH3832 ｱｳﾃﾞｨRS5SB 売掛金	embedded_text
Y		140Fg34UWrvdYC8Gjo1nr1WmmHXHOCnf3	普通預金.pdf	40	2228	2026-02-12	47745		ｽｼｽﾃﾑｽﾞ 高橋英章 勝栄建工 中国銀行	三井住友海上火災保険㈱ 自賠責 ㈱ｴｰ 諸口	embedded_text
Y		140Fg34UWrvdYC8Gjo1nr1WmmHXHOCnf3	普通預金.pdf	40	2235	2026-02-13	170330	富士生命 （2025/12/29返却分） 富士生命 （2025/12/29返却分）	笠岡信用組合 ＦＷＤ富士生命 本社	支払保険料	embedded_text
Y		140Fg34UWrvdYC8Gjo1nr1WmmHXHOCnf3	普通預金.pdf	40	2236	2026-02-13	114837	経費 橋本商事 （2/1～2/5出張費） 買掛金 橋本商事	もみじ福山支店	諸口	embedded_text
Y		140Fg34UWrvdYC8Gjo1nr1WmmHXHOCnf3	普通預金.pdf	40	2266	2026-02-16	900	受取利息 受取利息	中国銀行 預金利息12 本社 売非課税	受取利息	embedded_text
Y		140Fg34UWrvdYC8Gjo1nr1WmmHXHOCnf3	普通預金.pdf	40	2267	2026-02-16	623025	中銀ｶｰﾄﾞ VISA 岡森信介様 SB24405 中銀ｶｰﾄﾞ VISA 岡森信介様 SB24405	中国銀行 整備	売掛金	embedded_text
Y		140Fg34UWrvdYC8Gjo1nr1WmmHXHOCnf3	普通預金.pdf	40	2268	2026-02-16	273541		野沢健 中国銀行	中銀ｶｰﾄﾞ JCB 金尾恵太 北村英俊 諸口	embedded_text
Y		140Fg34UWrvdYC8Gjo1nr1WmmHXHOCnf3	普通預金.pdf	40	2269	2026-02-16	2551	受取利息 受取利息	もみじ福山支店 預金利息12 本社 売非課税	受取利息	embedded_text
Y		140Fg34UWrvdYC8Gjo1nr1WmmHXHOCnf3	普通預金.pdf	40	2270	2026-02-16	2200	ｷﾑﾗﾕﾆﾃｨ㈱様 SB24401 ｷﾑﾗﾕﾆﾃｨ㈱様 SB24401	もみじ福山支店 整備	売掛金	embedded_text
Y		140Fg34UWrvdYC8Gjo1nr1WmmHXHOCnf3	普通預金.pdf	40	2272	2026-02-16	16006575	短期借入金 笠岡信用組合	21-R8/2/10 笠岡信用組合	手形貸付 短期借入 1,600万円 R8/1/ 諸口	embedded_text
Y		140Fg34UWrvdYC8Gjo1nr1WmmHXHOCnf3	普通預金.pdf	40	2273	2026-02-16	406000	前払費用 その他	よる台帳自動化 ｼｽﾃﾑ開発費（着手金) 広島銀行②	㈱ｴｷｾﾝﾄﾘｯｸ様 Slack×Google 連携に 諸口	embedded_text
Y		140Fg34UWrvdYC8Gjo1nr1WmmHXHOCnf3	普通預金.pdf	40	2274	2026-02-16	566073	映ｸﾗ㈱ ﾚｸｻｽ/RX.0005884 映ｸﾗ㈱ ﾚｸｻｽ/RX.0005884	広島銀行②	残債引受金	embedded_text
N	Y	140Fg34UWrvdYC8Gjo1nr1WmmHXHOCnf3	普通預金.pdf	40	2275	2026-02-16	1200000	広銀蔵王より資金移動 広銀本社へ資金移動	広島銀行② 広島(蔵王) 本社	普通預金(入金)	embedded_text
N	Y	140Fg34UWrvdYC8Gjo1nr1WmmHXHOCnf3	普通預金.pdf	40	2279	2026-02-16	5000000	笠信より広銀本社へ資金移動 笠信より広銀本社へ資金移動	広島銀行② 笠岡信用組合	普通預金	embedded_text
Y		140Fg34UWrvdYC8Gjo1nr1WmmHXHOCnf3	普通預金.pdf	40	2280	2026-02-16	330	手数料 手数料	笠岡信用組合 課税31 本社 仕共内10	支払手数料	embedded_text
Y		140Fg34UWrvdYC8Gjo1nr1WmmHXHOCnf3	普通預金.pdf	40	2282	2026-02-16	14052398		ｶｰｽﾞﾄﾞﾛｯﾌﾟｲﾝ様売約車両 ｶｰｽﾞﾄﾞﾛｯﾌﾟｲﾝ様売約車両 広島銀行② 車両	ｵﾘｺ ｱｳﾃﾞｨ RS5SB 平田啓郎様買取残債 ｵﾘｺ ｱｳﾃﾞｨ RS5SB 平田啓郎様買取残債 買掛金	embedded_text
Y		140Fg34UWrvdYC8Gjo1nr1WmmHXHOCnf3	普通預金.pdf	40	2286	2026-02-16	155404		数料 数料 笠岡信用組合 CB 売内10	三井住友海上火災保険㈱ 代理店保険手 三井住友海上火災保険㈱ 代理店保険手 02/17 保険手数料	embedded_text
Y		140Fg34UWrvdYC8Gjo1nr1WmmHXHOCnf3	普通預金.pdf	41	2284	2026-02-18	1100	手数料 手数料	笠岡信用組合 課税31 本社 仕共内10	支払手数料	embedded_text
Y		140Fg34UWrvdYC8Gjo1nr1WmmHXHOCnf3	普通預金.pdf	41	2303	2026-02-20	3718	水道代 CB J＆LR （広銀引落） 水道代 CB J＆LR （広銀引落）	広島銀行② 水道料金31 CB 仕課内10	水道光熱費	embedded_text
Y		140Fg34UWrvdYC8Gjo1nr1WmmHXHOCnf3	普通預金.pdf	41	2304	2026-02-20	11862	水道代 本社ﾋﾞﾙ 水道代 本社ﾋﾞﾙ	もみじ福山支店 水道料金31 本社 仕共内10	水道光熱費	embedded_text
Y		140Fg34UWrvdYC8Gjo1nr1WmmHXHOCnf3	普通預金.pdf	41	2305	2026-02-20	4521	水道代 ﾏｾﾗﾃｨ 水道代 ﾏｾﾗﾃｨ	もみじ福山支店 水道料金31 ﾏｾﾗﾃｨ福山-車両仕課内10	水道光熱費	embedded_text
Y		140Fg34UWrvdYC8Gjo1nr1WmmHXHOCnf3	普通預金.pdf	41	2308	2026-02-20	58518	本社 支払保険料 三井住友海上34	対物保険料 中国銀行	三井住友海上火災保険㈱ 販売車 対人 諸口	embedded_text
N	Y	140Fg34UWrvdYC8Gjo1nr1WmmHXHOCnf3	普通預金.pdf	41	2309	2026-02-20	10000000	笠信固定より広銀本社へ資金移動 笠信固定より広銀本社へ資金移動	広島銀行② 笠岡信用	普通預金（固定性	embedded_text
Y		140Fg34UWrvdYC8Gjo1nr1WmmHXHOCnf3	普通預金.pdf	41	2310	2026-02-20	10030658	㈱ｱﾌﾟﾗｽ LR/RR.SALGA2AK8NA466843 ㈱ｱﾌﾟﾗｽ LR/RR.SALGA2AK8NA466843	広島銀行② 橋本商事	買掛金	embedded_text
Y		140Fg34UWrvdYC8Gjo1nr1WmmHXHOCnf3	普通預金.pdf	41	2463	2026-02-20	254857	ｵﾘｺ ｷｯｸﾊﾞｯｸ ｵﾘｺ ｷｯｸﾊﾞｯｸ	もみじ福山支店 キックハ゛ ック1 CB 売内10	受取手数料	embedded_text
Y		140Fg34UWrvdYC8Gjo1nr1WmmHXHOCnf3	普通預金.pdf	41	2470	2026-02-20	55330	CB リース料（販） その他	ﾓ 中国銀行	ﾘｰｽ ㈱ﾌﾚｯﾁｪﾎﾞｽｺ様 ﾏｾﾗﾃｨ ｸﾞﾗﾝﾄｩﾘｽﾞ 諸口	embedded_text
Y		140Fg34UWrvdYC8Gjo1nr1WmmHXHOCnf3	普通預金.pdf	41	2321	2026-02-22	9765		社用車ｸﾗｳﾝ(R8/3/15～R9/3/15） 社用車ｸﾗｳﾝ(R8/3/15～R9/3/15） 広島銀行② その他	三井住友海上日動火災保険㈱ 自賠責 三井住友海上日動火災保険㈱ 自賠責 02/24 立替金	embedded_text
Y		140Fg34UWrvdYC8Gjo1nr1WmmHXHOCnf3	普通預金.pdf	41	2327	2026-02-22	61	決算利息 決算利息	広島信用金庫 預金利息12 本社 売非課税	受取利息	embedded_text
Y		140Fg34UWrvdYC8Gjo1nr1WmmHXHOCnf3	普通預金.pdf	41	2328	2026-02-22	11458	ｷｬﾉﾝ ﾏｾﾗﾃｨ ｺﾋﾟｰ使用料 ｷｬﾉﾝ ﾏｾﾗﾃｨ ｺﾋﾟｰ使用料	もみじ福山支店 SMBCキャノン31 ﾏｾﾗﾃｨ福山-車両仕課内10	事務所維持費	embedded_text
Y		140Fg34UWrvdYC8Gjo1nr1WmmHXHOCnf3	普通預金.pdf	41	2333	2026-02-22	33000	SMBC(ﾌﾟﾛﾄｺｰﾎﾟﾚｰｼｮﾝ）1月分 SMBC(ﾌﾟﾛﾄｺｰﾎﾟﾚｰｼｮﾝ）1月分	笠岡信用組合 フ゜ ロトコーホ CB 仕課内10	販売促進費	embedded_text
Y		140Fg34UWrvdYC8Gjo1nr1WmmHXHOCnf3	普通預金.pdf	41	2432	2026-02-25	220000	ﾘｰｽ ｿﾚｲﾕ Soleil（松尾様）MC20 ﾘｰｽ ｿﾚｲﾕ Soleil（松尾様）MC20	笠岡信用組合 合同会社 Soleil CB 仕課内10	リース料（販）	embedded_text
Y		140Fg34UWrvdYC8Gjo1nr1WmmHXHOCnf3	普通預金.pdf	41	2329	2026-02-26	2761	まるとく 本社ｺﾋﾟｰ機 まるとく 本社ｺﾋﾟｰ機	もみじ福山支店 その他31 本社 仕共内10	事務所維持費	embedded_text
Y		140Fg34UWrvdYC8Gjo1nr1WmmHXHOCnf3	普通預金.pdf	41	2330	2026-02-26	3900	中国新聞 中国新聞	もみじ福山支店 本社 軽仕共内8	新聞図書費	embedded_text
Y		140Fg34UWrvdYC8Gjo1nr1WmmHXHOCnf3	普通預金.pdf	41	2334	2026-02-26	4400	㈱ﾕﾆﾏｯﾄﾗｲﾌ ﾏｯﾄ代 ㈱ﾕﾆﾏｯﾄﾗｲﾌ ﾏｯﾄ代	もみじ福山支店 来客時経費31 ﾏｾﾗﾃｨ福山-車両仕課内10	販売促進費	embedded_text
Y		140Fg34UWrvdYC8Gjo1nr1WmmHXHOCnf3	普通預金.pdf	41	2335	2026-02-26	51465	ｿﾌﾄﾊﾞﾝｸ㈱ 1月分 ｿﾌﾄﾊﾞﾝｸ㈱ 1月分	広島銀行② 本社 仕共内10	通信費	embedded_text
Y		140Fg34UWrvdYC8Gjo1nr1WmmHXHOCnf3	普通預金.pdf	41	2336	2026-02-26	124750	三井住友海上火災保険㈱ 損害保険 三井住友海上火災保険㈱ 損害保険	笠岡信用組合 三井住友海上34 本社	支払保険料	embedded_text
N	Y	140Fg34UWrvdYC8Gjo1nr1WmmHXHOCnf3	普通預金.pdf	41	2337	2026-02-26	900000	広銀蔵王より資金移動 広銀本社へ資金移動	広島銀行② 広島(蔵王) 本社	普通預金(入金)	embedded_text
Y		140Fg34UWrvdYC8Gjo1nr1WmmHXHOCnf3	普通預金.pdf	41	2338	2026-02-26	1546000	橋本商事 橋本商事	広島銀行② 橋本商事	買掛金	embedded_text
Y		140Fg34UWrvdYC8Gjo1nr1WmmHXHOCnf3	普通預金.pdf	41	2340	2026-02-26	25680		ｼﾞ ㈱ｱｸｾ 中国銀行	三井住友海上火災保険㈱ 自賠責 ﾌﾞﾘｯ 諸口	embedded_text
Y		140Fg34UWrvdYC8Gjo1nr1WmmHXHOCnf3	普通預金.pdf	41	2342	2026-02-27	10621880	㈱ｺﾝｸｴｽﾄ LR/RR.SALGA2AK8NA466843 ㈱ｺﾝｸｴｽﾄ LR/RR.SALGA2AK8NA466843	広島銀行② コンクエストJ&R	売掛金	embedded_text
Y		140Fg34UWrvdYC8Gjo1nr1WmmHXHOCnf3	普通預金.pdf	41	2346	2026-02-27	768002	中銀ｶｰﾄﾞ VISA	中国銀行	諸口	embedded_text
Y		140Fg34UWrvdYC8Gjo1nr1WmmHXHOCnf3	普通預金.pdf	41	2347	2026-02-27	184049	中銀ｶｰﾄﾞ JCB	中国銀行	諸口	embedded_text
Y		140Fg34UWrvdYC8Gjo1nr1WmmHXHOCnf3	普通預金.pdf	41	2348	2026-02-27	12980	USS支払手数料 USS支払手数料	中国銀行 CB 仕課内10	オークション手数	embedded_text
Y		140Fg34UWrvdYC8Gjo1nr1WmmHXHOCnf3	普通預金.pdf	42	2349	2026-02-27	66660	㈲ﾕﾅｲﾃｯﾄﾞｸﾛｰﾊﾞｰｽ様 SB24441 ㈲ﾕﾅｲﾃｯﾄﾞｸﾛｰﾊﾞｰｽ様 SB24441	中国銀行 整備	売掛金	embedded_text
Y		140Fg34UWrvdYC8Gjo1nr1WmmHXHOCnf3	普通預金.pdf	42	2350	2026-02-27	4620	ｶｰｾﾌﾞﾝﾃﾞｼﾞﾌｨｰﾙﾄﾞ ｲﾝｽﾏｰﾄｼｽﾃﾑ ｶｰｾﾌﾞﾝﾃﾞｼﾞﾌｨｰﾙﾄﾞ ｲﾝｽﾏｰﾄｼｽﾃﾑ	もみじ福山支店 CB 仕課内10	業務委託費	embedded_text
Y		140Fg34UWrvdYC8Gjo1nr1WmmHXHOCnf3	普通預金.pdf	42	2351	2026-02-27	6015	ﾁｭｰﾘｯﾋ生命様 ﾁｭｰﾘｯﾋ生命様	もみじ福山支店 その他34 本社	支払保険料	embedded_text
Y		140Fg34UWrvdYC8Gjo1nr1WmmHXHOCnf3	普通預金.pdf	42	2352	2026-02-27	27293	ｵﾘｺ ｶｰｻ ｺﾋﾟｰ機 ｵﾘｺ ｶｰｻ ｺﾋﾟｰ機	もみじ福山支店 オリコ複合機31 ｶｰｻ岡山-車両 仕課内8	リース料（販）	embedded_text
Y		140Fg34UWrvdYC8Gjo1nr1WmmHXHOCnf3	普通預金.pdf	42	2353	2026-02-27	58201	あんしん生命 あんしん生命	もみじ福山支店 あんしん生命34 本社	支払保険料	embedded_text
Y		140Fg34UWrvdYC8Gjo1nr1WmmHXHOCnf3	普通預金.pdf	42	2355	2026-02-27	99000	オリコ.JCM/ジョーカー利用料 オリコ.JCM/ジョーカー利用料	もみじ福山支店 ジョーカー利用料本社 仕共内10	IT費	embedded_text
Y		140Fg34UWrvdYC8Gjo1nr1WmmHXHOCnf3	普通預金.pdf	42	2378	2026-02-27	5000	13,822,595 460	広島銀行② 預かり法定費用	金森洋人様 希望番号 板橋 310 す 金森洋人様 希望番号 板橋 310 す 預り金	embedded_text
Y		140Fg34UWrvdYC8Gjo1nr1WmmHXHOCnf3	普通預金.pdf	42	2384	2026-02-27	45480	ﾘｽﾅｯﾂ様 ㈱Jｺｰﾎﾟﾚｰｼｮﾝ様 登録代行料 ﾘｽﾅｯﾂ様 ㈱Jｺｰﾎﾟﾚｰｼｮﾝ様 登録代行料	もみじ福山支店 その他	未払金	embedded_text
N	Y	140Fg34UWrvdYC8Gjo1nr1WmmHXHOCnf3	普通預金.pdf	42	2393	2026-02-27	1100000	広銀蔵王より資金移動 広銀蔵王より広銀本社へ資金移動	広島銀行② 広島(蔵王) 本社	普通預金(入金)	embedded_text
N	Y	140Fg34UWrvdYC8Gjo1nr1WmmHXHOCnf3	普通預金.pdf	42	2394	2026-02-27	9000000	広銀本社から笠信へ資金移動 広銀本社から笠信へ資金移動	笠岡信用組合 広島銀行②	普通預金	embedded_text
N	Y	140Fg34UWrvdYC8Gjo1nr1WmmHXHOCnf3	普通預金.pdf	42	2395	2026-02-27	500000	広銀本社からもみじへ資金移動 広銀本社からもみじへ資金移動	もみじ福山支店 広島銀行②	普通預金	embedded_text
Y		140Fg34UWrvdYC8Gjo1nr1WmmHXHOCnf3	普通預金.pdf	42	2427	2026-02-27	180442	㈱ｺﾝｸｴｽﾄ 1月分	広島銀行②	諸口	embedded_text
Y		140Fg34UWrvdYC8Gjo1nr1WmmHXHOCnf3	普通預金.pdf	42	2439	2026-02-27	65000	大和ﾘﾋﾞﾝｸﾞ 但井 家賃立替分 3月分 大和ﾘﾋﾞﾝｸﾞ 但井 家賃立替分 3月分	広島銀行② 但井	立替金	embedded_text
Y		140Fg34UWrvdYC8Gjo1nr1WmmHXHOCnf3	普通預金.pdf	42	2440	2026-02-27	165000	吉野ｶﾞﾚｰｼﾞ 3月分家賃 吉野ｶﾞﾚｰｼﾞ 3月分家賃	広島銀行② 吉野ｶﾞﾚｰｼﾞ 本社 免80仕共内10	賃借料	embedded_text
Y		140Fg34UWrvdYC8Gjo1nr1WmmHXHOCnf3	普通預金.pdf	42	2441	2026-02-27	160000	ｳﾂﾐ屋証券 CB家賃 3月分 ｳﾂﾐ屋証券 CB家賃 3月分	広島銀行② ウツミ屋証券㈱31 CB 仕課内10	賃借料	embedded_text
Y		140Fg34UWrvdYC8Gjo1nr1WmmHXHOCnf3	普通預金.pdf	42	2442	2026-02-27	5500	㈱ﾌﾛｰﾘｽﾄもん 1月分 ㈱ﾌﾛｰﾘｽﾄもん 1月分	広島銀行② その他 CB 仕課内10	事務所維持費	embedded_text
Y		140Fg34UWrvdYC8Gjo1nr1WmmHXHOCnf3	普通預金.pdf	42	2443	2026-02-27	9900	ﾜｰﾙﾄﾞﾕｰﾃｨﾘﾃｨ㈱ 1月分 ﾜｰﾙﾄﾞﾕｰﾃｨﾘﾃｨ㈱ 1月分	広島銀行② ﾜｰﾙﾄﾞﾕｰﾃｨﾘﾃｨ 本社 仕共内10	IT費	embedded_text
Y		140Fg34UWrvdYC8Gjo1nr1WmmHXHOCnf3	普通預金.pdf	42	2444	2026-02-27	32409	佐川急便㈱ 1月分 佐川急便㈱ 1月分	広島銀行② CB 仕課内10	荷造包装費	embedded_text
Y		140Fg34UWrvdYC8Gjo1nr1WmmHXHOCnf3	普通預金.pdf	42	2445	2026-02-27	131562	㈱ｽﾀｯﾌｻｰﾋﾞｽ 1月分 ㈱ｽﾀｯﾌｻｰﾋﾞｽ 1月分	広島銀行② 本社 仕共内10	業務委託費	embedded_text
Y		140Fg34UWrvdYC8Gjo1nr1WmmHXHOCnf3	普通預金.pdf	42	2446	2026-02-27	36300	㈱ﾘｸﾙーﾄｶｰｾﾝｻｰ 1月分 ㈱ﾘｸﾙーﾄｶｰｾﾝｻｰ 1月分	広島銀行② カーセンサー費用CB 仕課内10	IT費	embedded_text
Y		140Fg34UWrvdYC8Gjo1nr1WmmHXHOCnf3	普通預金.pdf	42	2447	2026-02-27	11000	三菱ふそう中国地区販売㈱ 1月分 三菱ふそう中国地区販売㈱ 1月分	広島銀行② 社用車 本社 仕共内10	社用車維持費	embedded_text
Y		140Fg34UWrvdYC8Gjo1nr1WmmHXHOCnf3	普通預金.pdf	42	2448	2026-02-27	9757	福山通運㈱ １月分 福山通運㈱ １月分	広島銀行② CB 仕課内10	荷造包装費	embedded_text
Y		140Fg34UWrvdYC8Gjo1nr1WmmHXHOCnf3	普通預金.pdf	42	2449	2026-02-27	682	ｴﾇｼﾞｪｲﾋﾞｨ事業協同組合 1月分 ｴﾇｼﾞｪｲﾋﾞｨ事業協同組合 1月分	広島銀行② CB 仕課内10	業務委託費	embedded_text
Y		140Fg34UWrvdYC8Gjo1nr1WmmHXHOCnf3	普通預金.pdf	42	2450	2026-02-27	8840	㈲AIｸﾘｰﾝｻｰﾋﾞｽ 1月分 ㈲AIｸﾘｰﾝｻｰﾋﾞｽ 1月分	広島銀行② AIクリーン31 CB-整備 仕課内10	事務所維持費	embedded_text
Y		140Fg34UWrvdYC8Gjo1nr1WmmHXHOCnf3	普通預金.pdf	43	2451	2026-02-27	62150	ｱﾐｭｰｽﾞ 1月分 ｱﾐｭｰｽﾞ 1月分	広島銀行② 車両	買掛金	embedded_text
Y		140Fg34UWrvdYC8Gjo1nr1WmmHXHOCnf3	普通預金.pdf	43	2452	2026-02-27	33462	ｳﾙﾄｼﾞｬﾊﾟﾝ㈱ 1月分 ｳﾙﾄｼﾞｬﾊﾟﾝ㈱ 1月分	広島銀行② 車両	買掛金	embedded_text
Y		140Fg34UWrvdYC8Gjo1nr1WmmHXHOCnf3	普通預金.pdf	43	2453	2026-02-27	1779030	幸陽板金塗装(有) 1月分 買掛金 車両	中国銀行	諸口	embedded_text
Y		140Fg34UWrvdYC8Gjo1nr1WmmHXHOCnf3	普通預金.pdf	43	2454	2026-02-27	8800	㈲清水自動車ｶﾞﾗｽ 1月分 ㈲清水自動車ｶﾞﾗｽ 1月分	広島銀行② 車両	買掛金	embedded_text
Y		140Fg34UWrvdYC8Gjo1nr1WmmHXHOCnf3	普通預金.pdf	43	2455	2026-02-27	351028	東邦自動車㈱ 1月分 東邦自動車㈱ 1月分	広島銀行② 車両	買掛金	embedded_text
Y		140Fg34UWrvdYC8Gjo1nr1WmmHXHOCnf3	普通預金.pdf	43	2456	2026-02-27	172271	㈱福山自動車用品商会 1月分 ㈱福山自動車用品商会 1月分	広島銀行② 車両	買掛金	embedded_text
Y		140Fg34UWrvdYC8Gjo1nr1WmmHXHOCnf3	普通預金.pdf	43	2457	2026-02-27	63800	㈱ﾏｳﾝﾄﾌﾞｯｸ 1月分 ㈱ﾏｳﾝﾄﾌﾞｯｸ 1月分	広島銀行② 車両	買掛金	embedded_text
Y		140Fg34UWrvdYC8Gjo1nr1WmmHXHOCnf3	普通預金.pdf	43	2458	2026-02-27	128167	ﾘｺｰｼﾞｬﾊﾟﾝ㈱ 1月分 ﾘｺｰｼﾞｬﾊﾟﾝ㈱ 1月分	中国銀行 ﾘｺｰ 本社 仕共内10	事務所維持費	embedded_text
Y		140Fg34UWrvdYC8Gjo1nr1WmmHXHOCnf3	普通預金.pdf	43	2460	2026-02-27	67440	本社 賃借料 住吉町家賃（三和	吉町家賃 もみじ福山支店	DF.ア－クシステムSP 三和地所様 住 諸口	embedded_text
Y		140Fg34UWrvdYC8Gjo1nr1WmmHXHOCnf3	普通預金.pdf	43	2411	2026-02-28	500000	㈱ﾈｵｸﾞﾘｯﾄ様 ZN6CW82C007437795 ㈱ﾈｵｸﾞﾘｯﾄ様 ZN6CW82C007437795	広島銀行② その他	前受金	embedded_text
Y		140Fg34UWrvdYC8Gjo1nr1WmmHXHOCnf3	普通預金.pdf	43	2398	2026-03-02	32575	融資利息 融資利息	もみじ福山支店 支払利息34 本社	支払利息	embedded_text
Y		140Fg34UWrvdYC8Gjo1nr1WmmHXHOCnf3	普通預金.pdf	43	2399	2026-03-02	2200	ﾋﾞｰﾌｨｰﾙﾄﾞ ﾋﾞｰﾌｨｰﾙﾄﾞ	もみじ福山支店 コアシステムス゛本社 仕共内10	事務所維持費	embedded_text
Y		140Fg34UWrvdYC8Gjo1nr1WmmHXHOCnf3	普通預金.pdf	43	2414	2026-03-02	122630	CB リース料（販） その他	W82C007437795 中国銀行	ﾘｰｽ ㈱NEO-GRIT様 ｼﾞｬｶﾞｰFﾍﾟｰｽ ZN6C 諸口	embedded_text
Y		140Fg34UWrvdYC8Gjo1nr1WmmHXHOCnf3	普通預金.pdf	43	2419	2026-03-02	8000000	14,371,912 006754	広島銀行② 車両	齋藤誠様 ﾍﾞﾝﾄﾚｰｺﾝﾁﾈﾝﾀﾙ AzureV8 PC 齋藤誠様 ﾍﾞﾝﾄﾚｰｺﾝﾁﾈﾝﾀﾙ AzureV8 PC 03/03 売掛金	embedded_text
Y		140Fg34UWrvdYC8Gjo1nr1WmmHXHOCnf3	普通預金.pdf	43	2425	2026-03-02	582140	社会保険料 R8.1月分 社会保険料 R8.1月分	笠岡信用組合 社会保険料	未払金	embedded_text
Y		140Fg34UWrvdYC8Gjo1nr1WmmHXHOCnf3	普通預金.pdf	43	2431	2026-03-02	71976	ﾄﾖﾀﾌｧｲﾅﾝｽ ｶﾞｿﾘﾝ代、他 CB 燃料費 軽油税31	もみじ福山支店	諸口	embedded_text
Y		140Fg34UWrvdYC8Gjo1nr1WmmHXHOCnf3	普通預金.pdf	43	2471	2026-03-02	147630	長期借入金 笠信 1,500万（R8.1～ 長期借入金 笠信1500万円	笠岡信用組合	諸口	embedded_text
Y		140Fg34UWrvdYC8Gjo1nr1WmmHXHOCnf3	普通預金.pdf	43	2472	2026-03-02	367098	長期借入金 政策253,000	万 笠岡信用組合	長期借入金 日本政策金融公庫 6,000 諸口	embedded_text
Y		140Fg34UWrvdYC8Gjo1nr1WmmHXHOCnf3	普通預金.pdf	43	2473	2026-03-02	1710505	長期借入金 政策1,179,000	0万 笠岡信用組合	長期借入金 日本政策金融公庫 2億795 諸口	embedded_text
Y		140Fg34UWrvdYC8Gjo1nr1WmmHXHOCnf3	普通預金.pdf	43	2474	2026-03-02	515540	笠信ｺﾛﾅ 3000（492） 長期借入金 笠信ｺﾛﾅ3000(492)	笠岡信用組合	諸口	embedded_text
Y		140Fg34UWrvdYC8Gjo1nr1WmmHXHOCnf3	普通預金.pdf	43	2523	2026-03-02	386306	長期借入金 笠信長期4000保証	会 笠岡信用組合	笠信 長期借入金 4.000万円 保証協 諸口	embedded_text
Y		140Fg34UWrvdYC8Gjo1nr1WmmHXHOCnf3	普通預金.pdf	43	2525	2026-03-02	93972	笠信 貸付利息 7000万円 笠信 貸付利息 7000万円	笠岡信用組合 その他	未払金	embedded_text
Y		140Fg34UWrvdYC8Gjo1nr1WmmHXHOCnf3	普通預金.pdf	43	2526	2026-03-02	1643852	長期借入金 笠信 2億6,000万 長期借入金 笠信 2600千万	笠岡信用組合	諸口	embedded_text
Y		140Fg34UWrvdYC8Gjo1nr1WmmHXHOCnf3	普通預金.pdf	43	2527	2026-03-02	207123		じより笠信へ引落変更分） じより笠信へ引落変更分） 笠岡信用組合 その他	日本政策金融公庫 利息分（8/29～もみ 日本政策金融公庫 利息分（8/29～もみ 未払金	embedded_text
Y		140Fg34UWrvdYC8Gjo1nr1WmmHXHOCnf3	普通預金.pdf	43	2423	2026-03-04	53240	ﾘｺｰﾘｰｽ PCﾘｰｽ料 各店舗 本社 リース料（販） リコーリース31	もみじ福山支店	諸口	embedded_text
Y		140Fg34UWrvdYC8Gjo1nr1WmmHXHOCnf3	普通預金.pdf	43	2424	2026-03-04	88000	未来経営福山事務所 2月分 未来経営福山事務所 2月分	笠岡信用組合 本社 仕共内10	顧問料	embedded_text
Y		140Fg34UWrvdYC8Gjo1nr1WmmHXHOCnf3	普通預金.pdf	44	2426	2026-03-04	80085		明文様､他 中国銀行	三井住友海上火災保険㈱ 自賠責 宮崎 03/05 諸口	embedded_text
N	Y	140Fg34UWrvdYC8Gjo1nr1WmmHXHOCnf3	普通預金.pdf	44	2461	2026-03-06	2000000	広銀蔵王より資金移動 広銀蔵王よりもみじへ資金移動	もみじ福山支店 広島(蔵王) CB	普通預金(入金)	embedded_text
Y		140Fg34UWrvdYC8Gjo1nr1WmmHXHOCnf3	普通預金.pdf	44	2465	2026-03-09	3026	笠信 決算利息 笠信 決算利息	笠岡信用組合 預金利息12 本社 売非課税	受取利息	embedded_text
Y		140Fg34UWrvdYC8Gjo1nr1WmmHXHOCnf3	普通預金.pdf	44	2467	2026-03-09	3754	広銀 受取利息 広銀 受取利息	広島銀行② 預金利息12 本社 売非課税	受取利息	embedded_text
Y		140Fg34UWrvdYC8Gjo1nr1WmmHXHOCnf3	普通預金.pdf	44	2469	2026-03-09	1210	手数料 法人IB 手数料 法人IB	広島信用金庫 課税31 本社 仕共内10	支払手数料	embedded_text
Y		140Fg34UWrvdYC8Gjo1nr1WmmHXHOCnf3	普通預金.pdf	44	2481	2026-03-09	3000000	該当なし カ)ブリツジ 該当なし カ)ブリツジ	笠岡信用組合	諸口	embedded_text
Y		140Fg34UWrvdYC8Gjo1nr1WmmHXHOCnf3	普通預金.pdf	44	2482	2026-03-09	3000000	該当なし EBフリコミ 該当なし EBフリコミ	広島銀行②	諸口	embedded_text
Y		140Fg34UWrvdYC8Gjo1nr1WmmHXHOCnf3	普通預金.pdf	44	2490	2026-03-10	442919	該当なし トラストクラブ 該当なし トラストクラブ	笠岡信用組合	諸口	embedded_text
Y		140Fg34UWrvdYC8Gjo1nr1WmmHXHOCnf3	普通預金.pdf	44	2493	2026-03-10	1650	B-WEB基本手数料 B-WEB基本手数料	広島銀行② 課税31 本社 仕共内10	支払手数料	embedded_text
Y		140Fg34UWrvdYC8Gjo1nr1WmmHXHOCnf3	普通預金.pdf	44	2494	2026-03-10	2530	B-WEB伝送基本手数料 B-WEB伝送基本手数料	広島銀行② 課税31 本社 仕共内10	支払手数料	embedded_text
Y		140Fg34UWrvdYC8Gjo1nr1WmmHXHOCnf3	普通預金.pdf	44	2495	2026-03-10	16280	B-WEB振込手数料 B-WEB振込手数料	広島銀行② 課税31 本社 仕共内10	支払手数料	embedded_text
Y		140Fg34UWrvdYC8Gjo1nr1WmmHXHOCnf3	普通預金.pdf	44	2504	2026-03-10	3850	FBｻｰﾋﾞｽ手数料 FBｻｰﾋﾞｽ手数料	中国銀行 課税31 本社 仕共内10	支払手数料	embedded_text
Y		140Fg34UWrvdYC8Gjo1nr1WmmHXHOCnf3	普通預金.pdf	44	2505	2026-03-10	2310	振込手数料 振込手数料	もみじ福山支店 課税31 本社 仕共内10	支払手数料	embedded_text
Y		140Fg34UWrvdYC8Gjo1nr1WmmHXHOCnf3	普通預金.pdf	44	2506	2026-03-10	3630	IB手数料 IB手数料	もみじ福山支店 課税31 本社 仕共内10	支払手数料	embedded_text
Y		140Fg34UWrvdYC8Gjo1nr1WmmHXHOCnf3	普通預金.pdf	44	2507	2026-03-10	913495	該当なし 口座振替4 トラストクラブ 該当なし 口座振替4 トラストクラブ	もみじ福山支店	諸口	embedded_text
Y		140Fg34UWrvdYC8Gjo1nr1WmmHXHOCnf3	普通預金.pdf	44	2508	2026-03-10	989959	該当なし 口座振替4 トラストクラブ 該当なし 口座振替4 トラストクラブ	もみじ福山支店	諸口	embedded_text
Y		140Fg34UWrvdYC8Gjo1nr1WmmHXHOCnf3	普通預金.pdf	44	2509	2026-03-10	150000	㈱橋本商事 (㈱A’crews) ㈱橋本商事 (㈱A’crews)	広島銀行② その他	売掛金	embedded_text
Y		140Fg34UWrvdYC8Gjo1nr1WmmHXHOCnf3	普通預金.pdf	44	2579	2026-03-10	72800	住民税 福山市 2026/02月分 住民税 福山市 2026/02月分	広島銀行② 住民税	預り金	embedded_text
Y		140Fg34UWrvdYC8Gjo1nr1WmmHXHOCnf3	普通預金.pdf	44	2580	2026-03-10	700000	橋本祥子取締役 仮受金 橋本祥子取締役 仮受金	笠岡信用組合	仮受金	embedded_text
Y		140Fg34UWrvdYC8Gjo1nr1WmmHXHOCnf3	普通預金.pdf	44	2581	2026-03-10	134892	給与 但井智哉 2月分 給与 但井智哉 2月分	笠岡信用組合 給料	未払金	embedded_text
Y		140Fg34UWrvdYC8Gjo1nr1WmmHXHOCnf3	普通預金.pdf	44	2582	2026-03-10	118824	給与 藤本吉則 2月分 給与 藤本吉則 2月分	笠岡信用組合 給料	未払金	embedded_text
Y		140Fg34UWrvdYC8Gjo1nr1WmmHXHOCnf3	普通預金.pdf	44	2583	2026-03-10	100000	銚子部長 銚子部長	広島銀行② NPO法人	仮払金	embedded_text
Y		140Fg34UWrvdYC8Gjo1nr1WmmHXHOCnf3	普通預金.pdf	44	2584	2026-03-10	148183	給与 宮崎亜希子 2月分 給与 宮崎亜希子 2月分	笠岡信用組合 給料	未払金	embedded_text
Y		140Fg34UWrvdYC8Gjo1nr1WmmHXHOCnf3	普通預金.pdf	44	2585	2026-03-10	246546	給与 橋本慎吾社長 2月分 給与 橋本慎吾社長 2月分	笠岡信用組合 給料	未払金	embedded_text
Y		140Fg34UWrvdYC8Gjo1nr1WmmHXHOCnf3	普通預金.pdf	44	2586	2026-03-10	444969	髙田自動車 2月分 髙田自動車 2月分	広島銀行② 高田	未払金	embedded_text
Y		140Fg34UWrvdYC8Gjo1nr1WmmHXHOCnf3	普通預金.pdf	44	2587	2026-03-10	130000	給与 桒原裕樹 2月分 給与 桒原裕樹 2月分	広島銀行② 給料	未払金	embedded_text
Y		140Fg34UWrvdYC8Gjo1nr1WmmHXHOCnf3	普通預金.pdf	45	2588	2026-03-10	325364	給与 桒原裕樹 2月分 給与 桒原裕樹 2月分	広島銀行② 給料	未払金	embedded_text
Y		140Fg34UWrvdYC8Gjo1nr1WmmHXHOCnf3	普通預金.pdf	45	2589	2026-03-10	14600	田中賢治様 ﾘｰｽ料 田中賢治様 ﾘｰｽ料	広島銀行② 田中賢治シェア31 CB 免80仕課内10	リース料（販）	embedded_text
Y		140Fg34UWrvdYC8Gjo1nr1WmmHXHOCnf3	普通預金.pdf	45	2590	2026-03-10	32676781		11-R8/7/31 11-R8/7/31 笠岡信用組合 笠信 3,300万	手形貸付 短期借入 3,300万円 R8/3/ 手形貸付 短期借入 3,300万円 R8/3/ 03/11 短期借入金	embedded_text
Y		140Fg34UWrvdYC8Gjo1nr1WmmHXHOCnf3	普通預金.pdf	45	2591	2026-03-10	10000	笠信 収入印紙 手形貸付 3,300万 笠信 収入印紙 手形貸付 3,300万	笠岡信用組合 印紙 本社	租税公課	embedded_text
Y		140Fg34UWrvdYC8Gjo1nr1WmmHXHOCnf3	普通預金.pdf	45	2592	2026-03-10	4272	ｱｽｸﾙ 2月 天然水､他 CB 販売促進費 その他	広島銀行②	諸口	embedded_text
N	Y	140Fg34UWrvdYC8Gjo1nr1WmmHXHOCnf3	普通預金.pdf	45	2513	2026-03-12	10000000	笠信より広銀本社へ資金移動 広銀本社へ資金移動	広島銀行② 笠岡信用組合	普通預金	embedded_text
Y		140Fg34UWrvdYC8Gjo1nr1WmmHXHOCnf3	普通預金.pdf	45	2514	2026-03-12	330	手数料 手数料	笠岡信用組合 課税31 本社 仕課内10	支払手数料	embedded_text
N	Y	140Fg34UWrvdYC8Gjo1nr1WmmHXHOCnf3	普通預金.pdf	45	2515	2026-03-12	10000000	笠信より広銀本社へ資金移動② 広銀本社へ資金移動②	広島銀行② 笠岡信用組合	普通預金	embedded_text
Y		140Fg34UWrvdYC8Gjo1nr1WmmHXHOCnf3	普通預金.pdf	45	2516	2026-03-12	330	手数料 手数料	笠岡信用組合 課税31 本社 仕共内10	支払手数料	embedded_text
N	Y	140Fg34UWrvdYC8Gjo1nr1WmmHXHOCnf3	普通預金.pdf	45	2517	2026-03-12	100000	笠信より小口現金へ資金移動 笠信より小口現金へ資金移動	笠岡信用組合 蔵王	小口現金BR	embedded_text
Y		140Fg34UWrvdYC8Gjo1nr1WmmHXHOCnf3	普通預金.pdf	45	2520	2026-03-12	17008400		C006754 C006754 広島銀行② 車両	ｼﾞｬｯｸｽ 斎藤誠様 ﾍﾞﾝﾄﾚｰ ｺﾝﾁﾈﾝﾀﾙ P ｼﾞｬｯｸｽ 斎藤誠様 ﾍﾞﾝﾄﾚｰ ｺﾝﾁﾈﾝﾀﾙ P 買掛金	embedded_text
Y		140Fg34UWrvdYC8Gjo1nr1WmmHXHOCnf3	普通預金.pdf	45	2522	2026-03-12	73425		ﾌﾞﾘｯｼﾞ 三宅修司 陶山哲宏 三栄石 中国銀行	三井住友海上火災保険㈱ ﾌﾙﾓﾄ建機㈱ 諸口	embedded_text
Y		140Fg34UWrvdYC8Gjo1nr1WmmHXHOCnf3	普通預金.pdf	45	2530	2026-03-12	401860	27,375,240 06860	広島銀行② 車両	㈱ｶｰｽﾞﾄﾞﾛｯﾌﾟｲﾝ MB/Gｸﾗｽ.W1N4653102X0 ㈱ｶｰｽﾞﾄﾞﾛｯﾌﾟｲﾝ MB/Gｸﾗｽ.W1N4653102X0 売掛金	embedded_text
Y		140Fg34UWrvdYC8Gjo1nr1WmmHXHOCnf3	普通預金.pdf	45	2565	2026-03-12	380712	中銀ｶｰﾄﾞ JCB	SB24431 中国銀行 整備	中銀ｶｰﾄﾞ JCB ㈱ｱｸｾ 高垣圭一朗様 03/16 売掛金	embedded_text
Y		140Fg34UWrvdYC8Gjo1nr1WmmHXHOCnf3	普通預金.pdf	45	2566	2026-03-12	117612	中銀ｶｰﾄﾞ VISA	中国銀行	諸口	embedded_text
Y		140Fg34UWrvdYC8Gjo1nr1WmmHXHOCnf3	普通預金.pdf	45	2567	2026-03-12	194799		数料 数料 笠岡信用組合 CB 売内10	三井住友海上火災保険㈱ 代理店保険手 三井住友海上火災保険㈱ 代理店保険手 保険手数料	embedded_text
Y		140Fg34UWrvdYC8Gjo1nr1WmmHXHOCnf3	普通預金.pdf	45	2570	2026-03-12	15915		典明様 典明様 中国銀行 預かり法定費用	三井住友海上火災保険㈱ 自賠責 仲本 三井住友海上火災保険㈱ 自賠責 仲本 預り金	embedded_text
Y		140Fg34UWrvdYC8Gjo1nr1WmmHXHOCnf3	普通預金.pdf	45	2574	2026-03-18	1100	手数料 手数料	笠岡信用組合 課税31 本社 仕共内10	支払手数料	embedded_text
Y		140Fg34UWrvdYC8Gjo1nr1WmmHXHOCnf3	普通預金.pdf	45	2575	2026-03-18	9283350		C006754 C006754 広島銀行② 車両	ﾌﾟﾚﾐｱ㈱ 斎藤誠様 ﾍﾞﾝﾄﾚｰｺﾝﾁﾈﾝﾀﾙ 3P ﾌﾟﾚﾐｱ㈱ 斎藤誠様 ﾍﾞﾝﾄﾚｰｺﾝﾁﾈﾝﾀﾙ 3P 売掛金	embedded_text
Y		140Fg34UWrvdYC8Gjo1nr1WmmHXHOCnf3	普通預金.pdf	45	2599	2026-03-23	15243	ｷｬﾉﾝ ﾏｾﾗﾃｨ ｺﾋﾟｰ使用料 ｷｬﾉﾝ ﾏｾﾗﾃｨ ｺﾋﾟｰ使用料	もみじ福山支店 SMBCキャノン31 ﾏｾﾗﾃｨ福山-車両仕課内10	事務所維持費	embedded_text
Y		140Fg34UWrvdYC8Gjo1nr1WmmHXHOCnf3	普通預金.pdf	45	2600	2026-03-23	5200		て 2641 て 2641 広島銀行② 預かり法定費用	希望番号 小俣英夫様 北九州 330 希望番号 小俣英夫様 北九州 330 預り金	embedded_text
Y		140Fg34UWrvdYC8Gjo1nr1WmmHXHOCnf3	普通預金.pdf	45	2601	2026-03-23	31830		雅一様 ｻﾝ開発㈱様 中国銀行	三井住友海上火災保険㈱ 自賠責 谷川 諸口	embedded_text
Y		140Fg34UWrvdYC8Gjo1nr1WmmHXHOCnf3	普通預金.pdf	45	2602	2026-03-23	55862	本社 支払保険料 三井住友海上34	料 中国銀行	三井住友海上火災保険㈱ 対人対物保険 諸口	embedded_text
Y		140Fg34UWrvdYC8Gjo1nr1WmmHXHOCnf3	普通預金.pdf	45	2605	2026-03-23	55330	CB リース料（販） その他	ﾓ 中国銀行	ﾘｰｽ ㈱ﾌﾚｯﾁｪﾎﾞｽｺ様 ﾏｾﾗﾃｨ ｸﾞﾗﾝﾄｩﾘｽﾞ 諸口	embedded_text
Y		140Fg34UWrvdYC8Gjo1nr1WmmHXHOCnf3	普通預金.pdf	46	2606	2026-03-23	33000	SMBC(ﾌﾟﾛﾄｺｰﾎﾟﾚｰｼｮﾝ）2月分 SMBC(ﾌﾟﾛﾄｺｰﾎﾟﾚｰｼｮﾝ）2月分	笠岡信用組合 フ゜ ロトコーホ CB 仕課内10	販売促進費	embedded_text
Y		140Fg34UWrvdYC8Gjo1nr1WmmHXHOCnf3	普通預金.pdf	46	2650	2026-03-23	122630	CB リース料（販） その他	W82C007437795 中国銀行	ﾘｰｽ ㈱NEO-GRIT様 ｼﾞｬｶﾞｰFﾍﾟｰｽ ZN6C 諸口	embedded_text
Y		140Fg34UWrvdYC8Gjo1nr1WmmHXHOCnf3	普通預金.pdf	46	2613	2026-03-24	9882700	小俣英夫様 Grecale Trofeo 小俣英夫様 Grecale Trofeo	広島銀行②	仮受金	embedded_text
Y		140Fg34UWrvdYC8Gjo1nr1WmmHXHOCnf3	普通預金.pdf	46	2611	2026-03-25	300000	職業安定所助成金（藤本吉則さん分） 職業安定所助成金（藤本吉則さん分）	笠岡信用組合 その他 本社 対象外	雑収入	embedded_text
Y		140Fg34UWrvdYC8Gjo1nr1WmmHXHOCnf3	普通預金.pdf	46	2626	2026-03-25	220000	ﾘｰｽ ｿﾚｲﾕ Soleil（松尾様）MC20 ﾘｰｽ ｿﾚｲﾕ Soleil（松尾様）MC20	笠岡信用組合 合同会社 Soleil CB 仕課内10	リース料（販）	embedded_text
Y		140Fg34UWrvdYC8Gjo1nr1WmmHXHOCnf3	普通預金.pdf	46	2627	2026-03-25	2017000	㈱橋本商事 ㈱橋本商事	笠岡信用組合 橋本商事	買掛金	embedded_text
Y		140Fg34UWrvdYC8Gjo1nr1WmmHXHOCnf3	普通預金.pdf	46	2620	2026-03-26	3679	まるとく 本社ｺﾋﾟｰ機 まるとく 本社ｺﾋﾟｰ機	もみじ福山支店 その他31 本社 仕共内10	事務所維持費	embedded_text
Y		140Fg34UWrvdYC8Gjo1nr1WmmHXHOCnf3	普通預金.pdf	46	2621	2026-03-26	3900	中国新聞 中国新聞	もみじ福山支店 本社 仕共内10	新聞図書費	embedded_text
Y		140Fg34UWrvdYC8Gjo1nr1WmmHXHOCnf3	普通預金.pdf	46	2624	2026-03-26	44261	ｿﾌﾄﾊﾞﾝｸ㈱ 2月分 ｿﾌﾄﾊﾞﾝｸ㈱ 2月分	広島銀行② 本社 仕共内10	通信費	embedded_text
Y		140Fg34UWrvdYC8Gjo1nr1WmmHXHOCnf3	普通預金.pdf	46	2625	2026-03-26	124750	三井住友海上火災保険㈱ 損害保険 三井住友海上火災保険㈱ 損害保険	笠岡信用組合 三井住友海上34 本社	支払保険料	embedded_text
Y		140Fg34UWrvdYC8Gjo1nr1WmmHXHOCnf3	普通預金.pdf	46	2628	2026-03-26	10000		広島銀行② その他 本社 対象外	衆議院議員小林史明「励ます会」参加費 衆議院議員小林史明「励ます会」参加費 交際費	embedded_text
Y		140Fg34UWrvdYC8Gjo1nr1WmmHXHOCnf3	普通預金.pdf	46	2634	2026-03-26	66000		ド会員費 ド会員費 笠岡信用組合 CB 仕課内10	カープレミアクラブディーラー ゴール カープレミアクラブディーラー ゴール 03/27 諸会費	embedded_text
Y		140Fg34UWrvdYC8Gjo1nr1WmmHXHOCnf3	普通預金.pdf	46	2635	2026-03-26	8000000		11-R8/7/31 11-R8/7/31 笠岡信用組合 笠信 3,300万	手形貸付 短期借入 3,300万円 R8/3/ 手形貸付 短期借入 3,300万円 R8/3/ 短期借入金	embedded_text
Y		140Fg34UWrvdYC8Gjo1nr1WmmHXHOCnf3	普通預金.pdf	46	2636	2026-03-26	69041		28-R8/7/31 万円 R8/3/28-R8/7/31 笠岡信用組合 支払利息34 本社	手形貸付 短期借入 3,300万円 R8/3/ 戻し利息 手形貸付 短期借入 3,300 支払利息	embedded_text
Y		140Fg34UWrvdYC8Gjo1nr1WmmHXHOCnf3	普通預金.pdf	46	2637	2026-03-26	4620	ｶｰｾﾌﾞﾝﾃﾞｼﾞﾌｨｰﾙﾄﾞ ｲﾝｽﾏｰﾄｼｽﾃﾑ ｶｰｾﾌﾞﾝﾃﾞｼﾞﾌｨｰﾙﾄﾞ ｲﾝｽﾏｰﾄｼｽﾃﾑ	もみじ福山支店 CB 仕課内10	業務委託費	embedded_text
Y		140Fg34UWrvdYC8Gjo1nr1WmmHXHOCnf3	普通預金.pdf	46	2638	2026-03-26	6015	ﾁｭｰﾘｯﾋ生命様 ﾁｭｰﾘｯﾋ生命様	もみじ福山支店 その他34 本社	支払保険料	embedded_text
Y		140Fg34UWrvdYC8Gjo1nr1WmmHXHOCnf3	普通預金.pdf	46	2639	2026-03-26	27293	ｵﾘｺ ｶｰｻ ｺﾋﾟｰ機 ｵﾘｺ ｶｰｻ ｺﾋﾟｰ機	もみじ福山支店 オリコ複合機31 ｶｰｻ岡山-車両 仕課内8	リース料（販）	embedded_text
Y		140Fg34UWrvdYC8Gjo1nr1WmmHXHOCnf3	普通預金.pdf	46	2642	2026-03-26	99000	オリコ.JCM/ジョーカー利用料 オリコ.JCM/ジョーカー利用料	もみじ福山支店 ジョーカー利用料本社 仕共内10	IT費	embedded_text
Y		140Fg34UWrvdYC8Gjo1nr1WmmHXHOCnf3	普通預金.pdf	46	2646	2026-03-26	58201	あんしん生命 あんしん生命	もみじ福山支店 あんしん生命34 本社	支払保険料	embedded_text
Y		140Fg34UWrvdYC8Gjo1nr1WmmHXHOCnf3	普通預金.pdf	46	2647	2026-03-26	67440	本社 賃借料 住吉町家賃（三和	吉町家賃 もみじ福山支店	DF.ア－クシステムSP 三和地所様 住 諸口	embedded_text
Y		140Fg34UWrvdYC8Gjo1nr1WmmHXHOCnf3	普通預金.pdf	46	2649	2026-03-26	12980	USS支払手数料 USS支払手数料	中国銀行 CB 仕課内10	オークション手数	embedded_text
N	Y	140Fg34UWrvdYC8Gjo1nr1WmmHXHOCnf3	普通預金.pdf	46	2653	2026-03-26	500000	広銀本社から資金移動 広銀本社からもみじへ資金移動	もみじ福山支店 広島銀行②	普通預金	embedded_text
Y		140Fg34UWrvdYC8Gjo1nr1WmmHXHOCnf3	普通預金.pdf	46	2655	2026-03-30	9570	該当なし EBフリコミ 該当なし EBフリコミ	広島銀行②	諸口	embedded_text
Y		140Fg34UWrvdYC8Gjo1nr1WmmHXHOCnf3	普通預金.pdf	46	2656	2026-03-30	20066	該当なし EBフリコミ 該当なし EBフリコミ	広島銀行②	諸口	embedded_text
Y		140Fg34UWrvdYC8Gjo1nr1WmmHXHOCnf3	普通預金.pdf	46	2657	2026-03-30	36300	該当なし EBフリコミ 該当なし EBフリコミ	広島銀行②	諸口	embedded_text
Y		140Fg34UWrvdYC8Gjo1nr1WmmHXHOCnf3	普通預金.pdf	47	2658	2026-03-30	160000	該当なし EBフリコミ 該当なし EBフリコミ	広島銀行②	諸口	embedded_text
Y		140Fg34UWrvdYC8Gjo1nr1WmmHXHOCnf3	普通預金.pdf	47	2659	2026-03-30	165000	該当なし EBフリコミ 該当なし EBフリコミ	広島銀行②	諸口	embedded_text
Y		140Fg34UWrvdYC8Gjo1nr1WmmHXHOCnf3	普通預金.pdf	47	2660	2026-03-30	2046	該当なし EBフリコミ 該当なし EBフリコミ	広島銀行②	諸口	embedded_text
Y		140Fg34UWrvdYC8Gjo1nr1WmmHXHOCnf3	普通預金.pdf	47	2661	2026-03-30	9480	該当なし EBフリコミ 該当なし EBフリコミ	広島銀行②	諸口	embedded_text
Y		140Fg34UWrvdYC8Gjo1nr1WmmHXHOCnf3	普通預金.pdf	47	2662	2026-03-30	122496	該当なし EBフリコミ 該当なし EBフリコミ	広島銀行②	諸口	embedded_text
Y		140Fg34UWrvdYC8Gjo1nr1WmmHXHOCnf3	普通預金.pdf	47	2663	2026-03-30	48950	該当なし EBフリコミ 該当なし EBフリコミ	広島銀行②	諸口	embedded_text
Y		140Fg34UWrvdYC8Gjo1nr1WmmHXHOCnf3	普通預金.pdf	47	2664	2026-03-30	5409	該当なし EBフリコミ 該当なし EBフリコミ	広島銀行②	諸口	embedded_text
Y		140Fg34UWrvdYC8Gjo1nr1WmmHXHOCnf3	普通預金.pdf	47	2665	2026-03-30	167200	該当なし EBフリコミ 該当なし EBフリコミ	広島銀行②	諸口	embedded_text
Y		140Fg34UWrvdYC8Gjo1nr1WmmHXHOCnf3	普通預金.pdf	47	2666	2026-03-30	198627	該当なし EBフリコミ 該当なし EBフリコミ	広島銀行②	諸口	embedded_text
Y		140Fg34UWrvdYC8Gjo1nr1WmmHXHOCnf3	普通預金.pdf	47	2667	2026-03-30	350372	該当なし EBフリコミ 該当なし EBフリコミ	広島銀行②	諸口	embedded_text
Y		140Fg34UWrvdYC8Gjo1nr1WmmHXHOCnf3	普通預金.pdf	47	2668	2026-03-30	305937	該当なし EBフリコミ 該当なし EBフリコミ	広島銀行②	諸口	embedded_text
Y		140Fg34UWrvdYC8Gjo1nr1WmmHXHOCnf3	普通預金.pdf	47	2669	2026-03-30	9900	該当なし EBフリコミ 該当なし EBフリコミ	広島銀行②	諸口	embedded_text
Y		140Fg34UWrvdYC8Gjo1nr1WmmHXHOCnf3	普通預金.pdf	47	2670	2026-03-30	4224	該当なし EBフリコミ 該当なし EBフリコミ	広島銀行②	諸口	embedded_text
Y		140Fg34UWrvdYC8Gjo1nr1WmmHXHOCnf3	普通預金.pdf	47	2671	2026-03-30	8800	該当なし EBフリコミ 該当なし EBフリコミ	広島銀行②	諸口	embedded_text
Y		140Fg34UWrvdYC8Gjo1nr1WmmHXHOCnf3	普通預金.pdf	47	2672	2026-03-30	33000	該当なし EBフリコミ 該当なし EBフリコミ	広島銀行②	諸口	embedded_text
Y		140Fg34UWrvdYC8Gjo1nr1WmmHXHOCnf3	普通預金.pdf	47	2673	2026-03-30	1000000	該当なし EBフリコミ 該当なし EBフリコミ	広島銀行②	諸口	embedded_text
Y		140Fg34UWrvdYC8Gjo1nr1WmmHXHOCnf3	普通預金.pdf	47	2675	2026-03-30	2000000	該当なし カ)ブリツジ 該当なし カ)ブリツジ	中国銀行	諸口	embedded_text
Y		140Fg34UWrvdYC8Gjo1nr1WmmHXHOCnf3	普通預金.pdf	47	2676	2026-03-30	18387	該当なし B0330 リコージヤ 該当なし B0330 リコージヤ	中国銀行	諸口	embedded_text
Y		140Fg34UWrvdYC8Gjo1nr1WmmHXHOCnf3	普通預金.pdf	47	2677	2026-03-30	188870	該当なし B0330 カービユー 該当なし B0330 カービユー	中国銀行	諸口	embedded_text
Y		140Fg34UWrvdYC8Gjo1nr1WmmHXHOCnf3	普通預金.pdf	47	2678	2026-03-30	660880	該当なし B0330 コウヨウバ 該当なし B0330 コウヨウバ	中国銀行	諸口	embedded_text
Y		140Fg34UWrvdYC8Gjo1nr1WmmHXHOCnf3	普通預金.pdf	47	2679	2026-03-30	13310	該当なし B0330 (ド)コヤ 該当なし B0330 (ド)コヤ	中国銀行	諸口	embedded_text
Y		140Fg34UWrvdYC8Gjo1nr1WmmHXHOCnf3	普通預金.pdf	47	2680	2026-03-30	107800	該当なし B0330 ワンライト( 該当なし B0330 ワンライト(	中国銀行	諸口	embedded_text
Y		140Fg34UWrvdYC8Gjo1nr1WmmHXHOCnf3	普通預金.pdf	47	2681	2026-03-30	1000000	該当なし カ)ブリツジ 該当なし カ)ブリツジ	中国銀行	諸口	embedded_text
Y		140Fg34UWrvdYC8Gjo1nr1WmmHXHOCnf3	普通預金.pdf	47	2682	2026-03-30	1178733	該当なし B0330 (カ)シーエ 該当なし B0330 (カ)シーエ	中国銀行	諸口	embedded_text
Y		140Fg34UWrvdYC8Gjo1nr1WmmHXHOCnf3	普通預金.pdf	47	2687	2026-03-31	517560	該当なし シヨウガシ 該当なし シヨウガシ	笠岡信用組合	諸口	embedded_text
Y		140Fg34UWrvdYC8Gjo1nr1WmmHXHOCnf3	普通預金.pdf	47	2688	2026-03-31	104041	該当なし カシツケリソク 該当なし カシツケリソク	笠岡信用組合	諸口	embedded_text
Y		140Fg34UWrvdYC8Gjo1nr1WmmHXHOCnf3	普通預金.pdf	48	2689	2026-03-31	391779	該当なし シヨウガシ 該当なし シヨウガシ	笠岡信用組合	諸口	embedded_text
Y		140Fg34UWrvdYC8Gjo1nr1WmmHXHOCnf3	普通預金.pdf	48	2690	2026-03-31	1699552	該当なし シヨウガシ 該当なし シヨウガシ	笠岡信用組合	諸口	embedded_text
Y		140Fg34UWrvdYC8Gjo1nr1WmmHXHOCnf3	普通預金.pdf	48	2691	2026-03-31	149842	該当なし シヨウガシ 該当なし シヨウガシ	笠岡信用組合	諸口	embedded_text
Y		140Fg34UWrvdYC8Gjo1nr1WmmHXHOCnf3	普通預金.pdf	48	2692	2026-03-31	229315	該当なし シヨウカンキン 該当なし シヨウカンキン	笠岡信用組合	諸口	embedded_text
Y		140Fg34UWrvdYC8Gjo1nr1WmmHXHOCnf3	普通預金.pdf	48	2693	2026-03-31	1764948	該当なし シヨウカンキン 該当なし シヨウカンキン	笠岡信用組合	諸口	embedded_text
Y		140Fg34UWrvdYC8Gjo1nr1WmmHXHOCnf3	普通預金.pdf	48	2694	2026-03-31	378785	該当なし シヨウカンキン 該当なし シヨウカンキン	笠岡信用組合	諸口	embedded_text
Y		140Fg34UWrvdYC8Gjo1nr1WmmHXHOCnf3	普通預金.pdf	48	2695	2026-03-31	467620	該当なし シヤカイホケン 該当なし シヤカイホケン	笠岡信用組合	諸口	embedded_text
Y		140Fg34UWrvdYC8Gjo1nr1WmmHXHOCnf3	普通預金.pdf	48	2696	2026-03-31	1457088	該当なし カ)コンクエスト 該当なし カ)コンクエスト	広島銀行②	諸口	embedded_text
Y		140Fg34UWrvdYC8Gjo1nr1WmmHXHOCnf3	普通預金.pdf	48	2701	2026-03-31	258698	該当なし チユウギンカードJCB 該当なし チユウギンカードJCB	中国銀行	諸口	embedded_text
Y		140Fg34UWrvdYC8Gjo1nr1WmmHXHOCnf3	普通預金.pdf	48	2702	2026-03-31	508157	該当なし チユウギンカードVIS 該当なし チユウギンカードVIS	中国銀行	諸口	embedded_text
Y		140Fg34UWrvdYC8Gjo1nr1WmmHXHOCnf3	普通預金.pdf	48	2703	2026-03-31	33698	融資利息 融資利息	もみじ福山支店 支払利息34 本社	支払利息	embedded_text
Y		140Fg34UWrvdYC8Gjo1nr1WmmHXHOCnf3	普通預金.pdf	48	2704	2026-03-31	2200	ﾋﾞｰﾌｨｰﾙﾄﾞ ﾋﾞｰﾌｨｰﾙﾄﾞ	もみじ福山支店 コアシステムス゛本社 仕課内10	事務所維持費	embedded_text
Y		140Fg34UWrvdYC8Gjo1nr1WmmHXHOCnf3	普通預金.pdf	48	2697	2026-04-01	10757167	該当なし EBフリコミ 該当なし EBフリコミ	広島銀行②	諸口	embedded_text
Y		140Fg34UWrvdYC8Gjo1nr1WmmHXHOCnf3	普通預金.pdf	48	2705	2026-04-01	82196		ス (カ ス (カ もみじ福山支店	該当なし 口座振替4 トヨタフアイナン 該当なし 口座振替4 トヨタフアイナン 04/02 諸口	embedded_text
Y		1tNncohzygqpPZSJ7uB49WdhZJACRN2aW	総勘定元帳.pdf	1	2700	2026-04-01	66850	該当なし カ)ナルネットコミュニケーションズ	広島(蔵王)		image_fallback
Y		1tNncohzygqpPZSJ7uB49WdhZJACRN2aW	総勘定元帳.pdf	1	2707	2026-04-02	27280	(有)ナイガイグローバーベース様 SB24484	広島(蔵王) 整備		image_fallback
Y		1tNncohzygqpPZSJ7uB49WdhZJACRN2aW	総勘定元帳.pdf	1	2722	2026-04-03	70000	該当なし トウキョウカイジョウニチド 4322	広島(蔵王)		image_fallback
Y		1zBnVnFk2_NrcMNTM2q_4Nq1sRPq3sH65	総勘定元帳4.9.2.pdf	1	2741	2026-04-06	99000	安保雅文様 SB24521	広島(蔵王) 整備		image_fallback
Y		1zBnVnFk2_NrcMNTM2q_4Nq1sRPq3sH65	総勘定元帳4.9.2.pdf	1	2746	2026-04-07	1150000	該当なし ミツイスミトモカイジョウB	広島(蔵王)		image_fallback
Y		1zBnVnFk2_NrcMNTM2q_4Nq1sRPq3sH65	総勘定元帳4.9.2.pdf	1	2747	2026-04-08	302670	該当なし サンエイセキユ(カ	広島(蔵王)		image_fallback
Y		1_zb2ubeaVHY3bbRQ7OQS0oc9PKNIV8jS	総勘定元帳4.10.1.pdf	1	2758	2026-04-09	150000	㈱橋本商事 (㈱A' crews)	広島銀行② その他		image_fallback
Y		15W6up1_VqXgUa3yv124cSQDtCBSVedGo	総勘定元帳4.10.2.pdf	1	2779	2026-04-09	25000	土肥良太郎様 CH3536	広島(蔵王) 土肥良太郎		image_fallback
Y		1_zb2ubeaVHY3bbRQ7OQS0oc9PKNIV8jS	総勘定元帳4.10.1.pdf	1	2767	2026-04-10	159158	該当なし プレミア(カ	広島銀行②		image_fallback
Y		1_zb2ubeaVHY3bbRQ7OQS0oc9PKNIV8jS	総勘定元帳4.10.1.pdf	1	2768	2026-04-10	79577	該当なし プレミア(カ	広島銀行②		image_fallback
N	Y	1_zb2ubeaVHY3bbRQ7OQS0oc9PKNIV8jS	総勘定元帳4.10.1.pdf	1	2777	2026-04-10	1000000	もみじへ資金移動	もみじ福山支店 本社		image_fallback
Y		15W6up1_VqXgUa3yv124cSQDtCBSVedGo	総勘定元帳4.10.2.pdf	1	2771	2026-04-10	104643	㈱ウェルテック様 SB24486	広島(蔵王) 整備		image_fallback
Y		15W6up1_VqXgUa3yv124cSQDtCBSVedGo	総勘定元帳4.10.2.pdf	1	2772	2026-04-10	57700	(有)ユグ・レイ様 SB24548/24461	広島(蔵王)		image_fallback